160,161,162,163,164,165,166,167,168,169,170,171,172,173,174,175,176,177,178,179,180,181,182,183,184,185,
1.05206e-21,1.11877e-21,1.14358e-21,1.17082e-21,1.19798e-21,1.20789e-21,1.22881e-21,1.21167e-21,1.25873e-21,1.21609e-21,1.20195e-21,1.20454e-21,1.1947e-21,1.2207e-21,1.24414e-21,1.2805e-21,1.34558e-21,1.42485e-21,1.47087e-21,1.57083e-21,1.65284e-21,1.9227e-21,2.31542e-21,2.40301e-21,2.83137e-21,3.19571e-21,
2.61425e-20,2.57069e-20,2.52532e-20,2.48149e-20,2.39248e-20,2.31621e-20,2.21309e-20,2.12756e-20,2.04276e-20,1.95554e-20,1.88079e-20,1.79801e-20,1.7278e-20,1.65158e-20,1.58987e-20,1.52573e-20,1.46681e-20,1.41348e-20,1.36204e-20,1.31238e-20,1.26484e-20,1.21869e-20,1.17799e-20,1.13922e-20,1.09722e-20,1.06372e-20,
2.85957e-21,3.82973e-21,4.76903e-21,5.79757e-21,7.48766e-21,9.40317e-21,1.23659e-20,1.42574e-20,1.68415e-20,2.04313e-20,2.37104e-20,2.77883e-20,3.08192e-20,3.51157e-20,3.89396e-20,4.37551e-20,4.73116e-20,5.14744e-20,5.51426e-20,5.9175e-20,6.25154e-20,6.64272e-20,6.90417e-20,7.20142e-20,7.45874e-20,7.63192e-20,
1.83421e-20,2.41889e-20,3.16109e-20,4.02521e-20,5.03646e-20,6.32275e-20,7.57815e-20,9.08857e-20,1.05119e-19,1.19391e-19,1.34136e-19,1.4679e-19,1.5878e-19,1.67486e-19,1.76772e-19,1.81455e-19,1.83609e-19,1.83676e-19,1.80058e-19,1.76342e-19,1.70751e-19,1.61017e-19,1.51126e-19,1.40882e-19,1.30255e-19,1.21457e-19,
2.47108e-20,2.53103e-20,2.58455e-20,2.57444e-20,2.56913e-20,2.55797e-20,2.51892e-20,2.47751e-20,2.43186e-20,2.36539e-20,2.30049e-20,2.24695e-20,2.17572e-20,2.10156e-20,2.0285e-20,1.96426e-20,1.89473e-20,1.82205e-20,1.75434e-20,1.69482e-20,1.62304e-20,1.5666e-20,1.50463e-20,1.44814e-20,1.39806e-20,1.34126e-20,
4.94892e-21,5.61186e-21,6.43327e-21,7.13025e-21,7.96992e-21,8.57548e-21,9.07418e-21,9.68113e-21,1.01982e-20,1.0563e-20,1.10026e-20,1.12945e-20,1.15919e-20,1.18969e-20,1.20228e-20,1.2227e-20,1.23298e-20,1.24775e-20,1.25751e-20,1.26603e-20,1.27607e-20,1.27781e-20,1.28307e-20,1.28335e-20,1.28857e-20,1.29244e-20,
1.0914e-19,1.24015e-19,1.37694e-19,1.52979e-19,1.70733e-19,1.79211e-19,1.89644e-19,1.97554e-19,1.99682e-19,1.97119e-19,1.94402e-19,1.88492e-19,1.78339e-19,1.636e-19,1.48803e-19,1.52713e-19,1.2331e-19,1.08141e-19,9.71371e-20,8.55221e-20,7.72039e-20,6.93605e-20,6.32011e-20,5.76211e-20,5.32662e-20,4.96447e-20,
4.27105e-21,4.58631e-21,4.83072e-21,5.0884e-21,5.28722e-21,5.44438e-21,5.59836e-21,5.68268e-21,5.84583e-21,5.87236e-21,5.92904e-21,5.93376e-21,5.95677e-21,5.97958e-21,5.92872e-21,5.94371e-21,5.86956e-21,5.88316e-21,5.84139e-21,5.78848e-21,5.69434e-21,5.62076e-21,5.54336e-21,5.59045e-21,5.45074e-21,5.36374e-21,
4.54539e-21,4.44308e-21,4.32213e-21,3.99913e-21,3.26894e-21,3.97836e-21,2.69777e-21,2.62154e-21,2.36078e-21,3.00174e-21,2.22917e-21,1.65767e-21,2.09172e-21,2.02741e-21,1.8144e-21,1.76123e-21,1.56073e-21,1.5115e-21,1.99658e-21,1.28551e-21,1.36878e-21,1.44596e-21,1.17305e-21,1.58326e-21,1.09286e-21,1.16227e-21,
3.89595e-21,3.97653e-21,4.13096e-21,4.17219e-21,4.36995e-21,4.19316e-21,4.4531e-21,4.01415e-21,3.94409e-21,3.81815e-21,3.71941e-21,3.71857e-21,3.49991e-21,3.23861e-21,3.12334e-21,2.9396e-21,2.76121e-21,2.55606e-21,2.44667e-21,2.22403e-21,2.08636e-21,1.99023e-21,1.79823e-21,1.70175e-21,1.51484e-21,1.39435e-21,
2.48261e-20,2.68594e-20,2.88913e-20,3.11956e-20,3.33965e-20,3.53845e-20,3.73174e-20,3.93054e-20,4.08522e-20,4.27178e-20,4.42319e-20,4.58816e-20,4.78173e-20,4.95677e-20,5.18285e-20,5.39133e-20,5.62273e-20,5.91335e-20,6.18325e-20,6.51905e-20,6.84945e-20,7.20405e-20,7.55192e-20,7.86516e-20,8.19181e-20,8.51701e-20,
1.23617e-23,1.59661e-23,1.83179e-23,2.36197e-23,2.90865e-23,4.01518e-23,5.01487e-23,6.90922e-23,9.00361e-23,1.18779e-22,1.53042e-22,1.85884e-22,2.64824e-22,2.7937e-22,3.4474e-22,3.86672e-22,4.24833e-22,4.74891e-22,5.22069e-22,5.63516e-22,6.06929e-22,6.3527e-22,6.5721e-22,6.71699e-22,6.82086e-22,6.96468e-22,
4.4933e-21,4.55895e-21,4.63946e-21,4.62317e-21,4.67492e-21,4.59674e-21,4.71042e-21,4.4548e-21,4.3783e-21,4.27566e-21,4.16033e-21,4.08998e-21,3.9143e-21,3.72098e-21,3.58245e-21,3.42642e-21,3.2675e-21,3.16737e-21,2.95983e-21,2.7979e-21,2.63826e-21,2.43837e-21,2.32517e-21,2.18678e-21,2.106e-21,1.88785e-21,
2.38474e-20,2.26002e-20,2.10489e-20,1.99594e-20,1.73925e-20,1.53514e-20,1.40593e-20,1.19755e-20,1.04723e-20,9.02336e-21,7.63856e-21,6.56875e-21,5.36618e-21,4.61645e-21,3.86921e-21,3.24704e-21,2.70832e-21,2.35386e-21,1.96718e-21,1.8094e-21,1.65939e-21,1.36532e-21,1.14567e-21,9.79414e-22,8.96127e-22,8.03042e-22,
1.3126e-21,1.52683e-21,1.73562e-21,1.91651e-21,2.11608e-21,2.27975e-21,2.38755e-21,2.48135e-21,2.55319e-21,2.58619e-21,2.59894e-21,2.56039e-21,2.54251e-21,2.46531e-21,2.40267e-21,2.30548e-21,2.2303e-21,2.14095e-21,2.01649e-21,1.92713e-21,1.82854e-21,1.72132e-21,1.63053e-21,1.55001e-21,1.45489e-21,1.36294e-21,
