160,161,162,163,164,165,166,167,168,169,170,171,172,173,174,175,176,177,178,179,180,181,182,183,184,185
6.9869e-23,9.03928e-23,1.05235e-22,1.26794e-22,1.522e-22,1.78076e-22,2.13012e-22,2.50121e-22,2.85164e-22,3.23965e-22,3.23016e-22,3.46702e-22,4.07796e-22,4.81581e-22,5.59443e-22,5.19656e-22,4.19566e-22,4.45658e-22,4.64591e-22,2.58609e-22,3.85651e-22,3.93155e-22,3.55024e-22,3.61148e-22,3.8988e-22,5.78935e-22
3.99483e-22,5.25059e-22,6.67424e-22,7.55647e-22,5.54453e-22,4.81647e-22,5.80835e-22,6.98092e-22,1.0485e-21,6.57909e-22,8.61147e-22,9.16278e-22,1.00475e-21,9.04065e-22,6.3582e-22,8.66241e-22,7.48838e-22,1.46288e-21,8.6467e-22,9.23475e-22,1.02788e-21,1.07167e-21,1.2177e-21,1.24542e-21,1.38717e-21,1.42526e-21
2.18746e-21,5.15995e-21,3.07268e-21,2.84654e-21,4.88264e-21,2.44109e-21,3.44442e-21,3.97215e-21,2.11013e-21,2.26765e-21,2.62564e-21,1.83962e-21,1.42747e-21,1.50609e-21,1.26226e-21,1.03439e-21,8.87911e-22,7.06806e-22,6.21236e-22,5.26901e-22,4.68203e-22,4.46927e-22,3.36412e-22,3.22009e-22,2.69233e-22,2.34113e-22
5.34966e-22,5.92729e-22,8.78284e-22,9.73153e-22,1.03039e-21,1.47993e-21,1.23549e-21,1.6193e-21,1.27501e-21,1.31385e-21,1.01337e-21,1.03531e-21,1.43769e-21,1.0598e-21,1.08285e-21,1.83148e-21,1.42382e-21,1.4232e-21,1.38778e-21,2.41374e-21,1.25581e-21,1.58696e-21,1.43861e-21,1.97243e-21,1.29901e-21,9.66859e-22
5.84329e-21,6.87707e-21,5.37066e-21,1.17004e-20,1.08041e-20,8.7191e-21,1.05201e-20,1.57746e-20,2.0948e-20,1.19305e-20,2.16368e-20,1.50719e-20,1.58439e-20,2.527e-20,1.79484e-20,2.42296e-20,2.43832e-20,1.89016e-20,2.20629e-20,2.52979e-20,2.54372e-20,1.86717e-20,1.8686e-20,2.44799e-20,2.08776e-20,1.48391e-20
1.66872e-21,1.66946e-21,1.71037e-21,1.70002e-21,2.08643e-21,2.06962e-21,2.04515e-21,1.62487e-21,1.59791e-21,1.61036e-21,1.57504e-21,1.54892e-21,1.51109e-21,1.50418e-21,1.48548e-21,1.4419e-21,1.42927e-21,1.39477e-21,1.72308e-21,1.68751e-21,1.32101e-21,1.61131e-21,1.24758e-21,1.53542e-21,1.19133e-21,1.17314e-21
6.89339e-21,7.0157e-21,6.82508e-21,5.7391e-21,3.99179e-21,5.60489e-21,3.74537e-21,4.42397e-21,4.53109e-21,3.14521e-21,3.51207e-21,3.18367e-21,2.34897e-21,2.35803e-21,2.10789e-21,1.83409e-21,1.70489e-21,1.42161e-21,1.27263e-21,1.09215e-21,1.00382e-21,8.66302e-22,8.05153e-22,7.16612e-22,6.18784e-22,6.37558e-22
5.34966e-22,5.92729e-22,8.78284e-22,9.73153e-22,1.03039e-21,1.47993e-21,1.23549e-21,1.6193e-21,1.27501e-21,1.31385e-21,1.01337e-21,1.03531e-21,1.43769e-21,1.0598e-21,1.08285e-21,1.83148e-21,1.42382e-21,1.4232e-21,1.38778e-21,2.41374e-21,1.25581e-21,1.58696e-21,1.43861e-21,1.97243e-21,1.29901e-21,9.66859e-22
5.18106e-22,5.46975e-22,6.62309e-22,5.42307e-22,7.01214e-22,8.41943e-22,7.8636e-22,1.21124e-21,8.65659e-22,8.4426e-22,8.04842e-22,6.72892e-22,7.70234e-22,8.91232e-22,9.77663e-22,1.11433e-21,1.21966e-21,1.3342e-21,1.25609e-21,1.09097e-21,9.7153e-22,1.27409e-21,8.30344e-22,1.15205e-21,1.26971e-21,1.34776e-21
6.03382e-23,8.37426e-23,1.19077e-22,1.52593e-22,1.7212e-22,2.75269e-22,2.59464e-22,2.21821e-22,3.81924e-22,4.12922e-22,4.43642e-22,5.22633e-22,4.71186e-22,4.21907e-22,6.92287e-22,5.04249e-22,4.68683e-22,4.95739e-22,4.46746e-22,4.70197e-22,4.61217e-22,5.8411e-22,3.91254e-22,3.84368e-22,5.84154e-22,2.91201e-22
3.18284e-21,3.26857e-21,4.26101e-21,3.52175e-21,5.4332e-21,3.74724e-21,5.78283e-21,6.09644e-21,5.12124e-21,6.54862e-21,5.62222e-21,7.00352e-21,7.47274e-21,4.97144e-21,9.00337e-21,8.45219e-21,7.20127e-21,7.26129e-21,7.56942e-21,7.27743e-21,5.76665e-21,5.70247e-21,6.98e-21,6.52834e-21,8.33971e-21,7.61122e-21
2.59282e-22,3.44709e-22,3.6594e-22,4.75933e-22,4.01123e-22,6.9788e-22,7.06481e-22,8.26822e-22,8.33393e-22,7.05902e-22,5.32378e-22,7.73313e-22,9.58398e-22,8.27478e-22,1.13252e-21,5.84267e-22,9.13434e-22,9.60092e-22,1.49008e-21,7.63213e-22,8.17603e-22,1.508e-21,1.28261e-21,1.33323e-21,1.59269e-21,1.7162e-21
3.32225e-22,3.52247e-22,3.76704e-22,3.94493e-22,4.06856e-22,4.21921e-22,4.41451e-22,4.52304e-22,4.64548e-22,4.7701e-22,4.87969e-22,4.97084e-22,5.06337e-22,5.14466e-22,5.23928e-22,5.29466e-22,5.33826e-22,5.38045e-22,5.42069e-22,5.43497e-22,5.48679e-22,5.47963e-22,5.47629e-22,5.48807e-22,5.49651e-22,5.45542e-22
1.78866e-21,2.35826e-21,3.07059e-21,4.79737e-21,4.21275e-21,4.88317e-21,4.3638e-21,4.70022e-21,4.9887e-21,5.98203e-21,4.75733e-21,8.50078e-21,5.85309e-21,7.34027e-21,6.86438e-21,5.88057e-21,4.99847e-21,7.69706e-21,4.98215e-21,5.04569e-21,5.09557e-21,5.39762e-21,3.80744e-21,3.71465e-21,5.3305e-21,3.69868e-21
4.29732e-24,2.22795e-24,2.30131e-24,2.78837e-24,2.51165e-24,2.22659e-24,2.62501e-24,3.07342e-24,2.05899e-24,3.26118e-24,2.7526e-24,2.31501e-24,4.36054e-24,5.34603e-24,4.47496e-24,6.05449e-24,5.28831e-24,5.40543e-24,6.0767e-24,8.36867e-24,6.75616e-24,7.40341e-24,8.16136e-24,8.5895e-24,1.19944e-23,1.04049e-23
1.0001e-21,9.87059e-22,9.60102e-22,9.3094e-22,9.18249e-22,1.12816e-21,1.12958e-21,1.14843e-21,1.94921e-21,1.22853e-21,1.29339e-21,1.90652e-21,2.03228e-21,2.10745e-21,1.92408e-21,1.97118e-21,2.09855e-21,2.11065e-21,2.174e-21,1.42086e-21,4.48144e-21,1.40577e-21,2.50633e-21,1.85912e-21,1.73509e-21,1.29566e-21
6.28271e-22,6.03066e-22,5.79709e-22,5.55365e-22,5.29465e-22,5.05219e-22,4.8029e-22,4.53634e-22,4.28942e-22,4.04872e-22,3.81763e-22,3.60686e-22,3.3581e-22,3.17179e-22,2.96385e-22,2.77182e-22,2.56558e-22,2.40948e-22,2.21401e-22,2.05874e-22,1.92365e-22,1.76445e-22,1.62535e-22,1.47627e-22,1.35139e-22,1.25075e-22
5.98573e-22,6.52652e-22,5.8033e-22,6.68785e-22,7.59666e-22,8.92968e-22,8.70437e-22,9.93399e-22,1.14419e-21,1.32353e-21,1.01313e-21,1.15508e-21,1.29729e-21,1.43339e-21,1.57471e-21,1.7403e-21,1.46919e-21,1.58578e-21,1.69598e-21,2.5156e-21,2.02576e-21,2.1873e-21,2.31968e-21,2.46258e-21,2.60648e-21,2.7668e-21
1.34064e-20,1.74371e-20,1.78672e-20,1.39933e-20,2.18967e-20,1.79794e-20,2.58943e-20,1.92972e-20,1.07353e-20,1.43466e-20,1.72753e-20,1.36147e-20,9.52776e-21,1.23868e-20,1.78304e-20,8.66768e-21,8.03843e-21,7.5971e-21,7.29517e-21,6.84811e-21,6.3925e-21,6.08559e-21,7.6088e-21,5.28644e-21,5.02398e-21,4.6372e-21
6.49172e-23,5.06403e-23,5.40159e-23,5.63422e-23,5.94077e-23,8.39937e-23,6.4881e-23,8.88468e-23,6.84276e-23,7.00904e-23,7.24158e-23,1.00907e-22,1.01522e-22,7.76772e-23,7.66791e-23,7.89121e-23,7.8301e-23,1.05393e-22,1.31547e-22,1.03789e-22,1.03646e-22,1.02295e-22,1.01297e-22,7.48956e-23,9.97674e-23,9.94065e-23
1.90457e-21,1.90205e-21,1.56006e-21,1.75155e-21,1.92033e-21,1.61346e-21,1.78254e-21,1.40484e-21,1.49441e-21,1.56636e-21,1.6383e-21,1.67846e-21,1.76847e-21,1.79357e-21,1.82778e-21,1.87919e-21,1.94102e-21,1.94805e-21,1.97646e-21,2.00876e-21,2.01831e-21,2.03235e-21,2.04432e-21,2.05285e-21,2.06237e-21,2.08357e-21
4.6953e-22,7.05333e-22,7.14374e-22,8.55789e-22,6.87733e-22,6.21406e-22,5.59608e-22,7.36116e-22,1.0685e-21,8.84974e-22,1.00363e-21,6.50319e-22,8.69999e-22,9.22984e-22,8.90014e-22,7.96534e-22,7.27793e-22,5.99568e-22,6.18068e-22,5.77075e-22,5.46734e-22,5.14745e-22,4.41581e-22,4.16e-22,3.929e-22,3.65764e-22
4.07074e-21,4.9183e-21,6.19302e-21,5.46606e-21,4.91146e-21,8.72282e-21,6.31162e-21,7.40477e-21,7.98106e-21,1.00436e-20,9.20889e-21,1.64039e-20,1.24635e-20,1.04936e-20,1.05213e-20,1.23911e-20,1.64834e-20,1.19926e-20,1.20518e-20,7.82771e-21,9.58255e-21,7.10667e-21,8.17495e-21,8.79937e-21,5.04989e-21,8.58678e-21
1.00848e-20,9.88328e-21,1.31935e-20,1.02178e-20,1.59795e-20,1.24668e-20,1.37188e-20,1.43642e-20,1.4849e-20,1.58592e-20,1.32391e-20,1.73571e-20,2.52197e-20,2.24285e-20,1.82394e-20,1.81561e-20,2.9858e-20,1.88693e-20,1.77147e-20,2.09122e-20,1.77272e-20,2.38466e-20,1.69103e-20,2.30207e-20,1.57394e-20,2.7864e-20
1.90068e-21,1.48746e-21,1.74961e-21,1.20344e-21,1.55149e-21,1.28911e-21,1.09206e-21,1.51583e-21,1.15742e-21,1.41921e-21,1.36361e-21,1.31225e-21,1.16527e-21,1.18901e-21,1.13788e-21,1.10059e-21,1.08537e-21,9.00767e-22,1.01286e-21,9.30928e-22,9.04696e-22,8.75124e-22,8.3059e-22,8.82866e-22,7.34866e-22,7.1654e-22
6.77682e-21,7.71722e-21,6.58756e-21,1.1357e-20,8.79061e-21,7.65598e-21,9.65322e-21,6.52632e-21,1.03546e-20,6.91045e-21,9.26963e-21,1.11351e-20,9.32714e-21,9.39873e-21,9.70358e-21,9.76461e-21,9.95535e-21,1.5357e-20,1.09654e-20,8.97899e-21,1.07668e-20,9.97502e-21,1.15329e-20,1.4475e-20,1.75711e-20,1.47566e-20
6.28271e-22,6.03066e-22,5.79709e-22,5.55365e-22,5.29465e-22,5.05219e-22,4.8029e-22,4.53634e-22,4.28942e-22,4.04872e-22,3.81763e-22,3.60686e-22,3.3581e-22,3.17179e-22,2.96385e-22,2.77182e-22,2.56558e-22,2.40948e-22,2.21401e-22,2.05874e-22,1.92365e-22,1.76445e-22,1.62535e-22,1.47627e-22,1.35139e-22,1.25075e-22
1.64068e-21,1.77162e-21,1.74833e-21,1.81818e-21,2.06028e-21,1.81706e-21,1.82462e-21,1.85274e-21,1.96694e-21,1.78561e-21,1.84368e-21,1.68351e-21,1.69551e-21,1.62033e-21,1.65906e-21,1.50516e-21,1.44801e-21,1.37163e-21,1.33759e-21,1.3136e-21,1.23742e-21,1.17515e-21,1.09564e-21,1.04878e-21,9.87824e-22,9.81905e-22
2.37029e-22,2.48025e-22,3.19338e-22,2.98865e-22,3.83746e-22,7.14809e-22,4.83265e-22,8.27012e-22,4.17502e-22,5.62634e-22,7.34569e-22,6.83021e-22,4.90005e-22,6.83299e-22,7.35112e-22,7.82609e-22,8.19353e-22,6.93067e-22,9.09944e-22,9.44634e-22,7.94532e-22,8.1318e-22,8.52195e-22,8.73781e-22,1.12213e-21,9.22229e-22
1.10527e-23,1.14617e-23,1.19068e-23,1.2313e-23,1.27253e-23,1.31248e-23,1.35154e-23,1.38834e-23,1.42372e-23,1.45823e-23,1.49195e-23,1.52259e-23,1.55227e-23,1.57945e-23,1.60279e-23,1.62734e-23,1.64759e-23,1.66471e-23,1.68015e-23,1.69221e-23,1.70138e-23,1.70992e-23,1.71346e-23,1.7171e-23,1.71028e-23,1.70782e-23
4.27791e-21,4.36815e-21,3.3336e-21,4.51361e-21,3.42351e-21,3.47251e-21,3.51628e-21,3.56845e-21,3.61932e-21,3.68797e-21,3.74489e-21,3.7514e-21,3.79585e-21,3.90484e-21,3.89265e-21,3.89175e-21,3.93293e-21,5.33192e-21,4.02212e-21,3.99461e-21,3.99944e-21,4.00795e-21,4.02461e-21,4.02623e-21,4.05298e-21,5.43301e-21
8.28624e-21,5.40112e-21,5.2084e-21,5.11915e-21,4.98096e-21,4.82352e-21,4.70127e-21,4.61235e-21,4.50185e-21,4.39459e-21,6.45332e-21,4.21124e-21,4.10463e-21,4.01009e-21,3.90846e-21,3.80402e-21,5.57862e-21,3.59715e-21,3.50352e-21,3.40179e-21,3.30098e-21,3.21774e-21,3.12335e-21,3.03446e-21,2.95572e-21,2.8754e-21
3.77719e-21,3.96136e-21,5.8146e-21,5.23732e-21,4.68783e-21,4.92378e-21,5.12094e-21,4.59163e-21,3.69839e-21,4.63545e-21,3.70568e-21,4.70767e-21,3.73005e-21,3.81169e-21,2.79879e-21,3.70824e-21,2.81206e-21,2.69959e-21,2.64341e-21,4.69113e-21,2.57423e-21,3.34609e-21,2.44613e-21,2.34555e-21,3.05689e-21,3.02101e-21
1.09154e-21,1.02671e-21,1.2528e-21,6.07957e-22,1.11329e-21,7.60883e-22,5.85102e-22,1.14111e-21,8.05932e-22,8.74762e-22,6.83892e-22,1.44231e-21,1.00474e-21,1.05509e-21,1.74199e-21,1.86909e-21,1.90598e-21,2.25027e-21,1.92362e-21,2.32579e-21,2.79111e-21,2.584e-21,1.91849e-21,3.58157e-21,2.38601e-21,2.47903e-21
2.59282e-22,3.44709e-22,3.6594e-22,4.75933e-22,4.01123e-22,6.9788e-22,7.06481e-22,8.26822e-22,8.33393e-22,7.05902e-22,5.32378e-22,7.73313e-22,9.58398e-22,8.27478e-22,1.13252e-21,5.84267e-22,9.13434e-22,9.60092e-22,1.49008e-21,7.63213e-22,8.17603e-22,1.508e-21,1.28261e-21,1.33323e-21,1.59269e-21,1.7162e-21
4.42397e-21,3.01731e-21,2.32616e-21,4.21511e-21,2.70737e-21,2.09739e-21,2.63749e-21,1.43786e-21,1.85812e-21,2.24792e-21,2.15521e-21,2.93328e-21,1.92592e-21,1.85165e-21,1.40238e-21,1.33412e-21,1.26685e-21,1.81045e-21,1.72349e-21,1.6418e-21,1.01866e-21,9.70475e-22,6.81995e-22,8.71981e-22,8.14389e-22,1.38541e-21
1.72842e-20,1.85376e-20,2.70377e-20,3.22992e-20,2.83641e-20,2.98908e-20,2.06733e-20,2.14068e-20,2.06585e-20,2.5324e-20,2.5203e-20,1.58314e-20,1.98211e-20,1.9413e-20,2.66557e-20,1.42748e-20,2.05095e-20,1.29244e-20,1.50912e-20,1.15054e-20,1.09732e-20,7.73699e-21,1.72582e-20,1.14545e-20,8.49788e-21,7.85486e-21
4.6953e-22,7.05333e-22,7.14374e-22,8.55789e-22,6.87733e-22,6.21406e-22,5.59608e-22,7.36116e-22,1.0685e-21,8.84974e-22,1.00363e-21,6.50319e-22,8.69999e-22,9.22984e-22,8.90014e-22,7.96534e-22,7.27793e-22,5.99568e-22,6.18068e-22,5.77075e-22,5.46734e-22,5.14745e-22,4.41581e-22,4.16e-22,3.929e-22,3.65764e-22
9.98808e-21,1.02927e-20,1.11113e-20,8.87161e-21,1.15363e-20,8.3005e-21,1.17286e-20,1.11628e-20,7.92088e-21,7.61073e-21,1.02998e-20,8.07577e-21,9.28208e-21,8.80983e-21,7.08447e-21,8.06802e-21,7.28105e-21,6.84038e-21,6.6885e-21,5.94954e-21,5.41308e-21,5.35184e-21,4.5066e-21,4.26602e-21,3.70605e-21,3.34536e-21
1.93197e-19,1.32887e-19,1.83297e-19,1.2803e-19,1.2755e-19,1.68912e-19,1.46279e-19,1.31793e-19,1.17482e-19,1.04653e-19,9.22579e-20,8.32085e-20,6.61758e-20,6.31032e-20,6.54869e-20,5.69338e-20,3.91632e-20,3.23219e-20,2.31534e-20,3.27093e-20,2.36908e-20,2.68715e-20,1.78256e-20,3.93413e-20,1.51252e-20,2.084e-20
1.43429e-23,7.8976e-24,1.53757e-23,1.93395e-23,2.67797e-23,2.86545e-23,2.15688e-23,3.20474e-23,3.58524e-23,5.14191e-23,2.22807e-23,5.82228e-23,5.29554e-23,3.36965e-23,6.00005e-23,3.8909e-23,3.23885e-23,8.2917e-23,6.98505e-23,4.16098e-23,4.80966e-23,5.51844e-23,1.36115e-22,1.21626e-22,1.18081e-22,1.22554e-22
3.64805e-23,4.55897e-23,5.46774e-23,3.84978e-23,3.96049e-23,5.65778e-23,3.97385e-23,4.88982e-23,4.7579e-23,4.75967e-23,5.49257e-23,3.91035e-23,4.52696e-23,4.42831e-23,3.57403e-23,3.47701e-23,4.13735e-23,3.34163e-23,3.24011e-23,3.84716e-23,3.11469e-23,4.09709e-23,3.3923e-23,2.75896e-23,3.24059e-23,2.99422e-23
9.21842e-21,7.69957e-21,1.30286e-20,1.66578e-20,2.11546e-20,2.24106e-20,3.53989e-20,3.18399e-20,5.02355e-20,4.58376e-20,3.44364e-20,3.59303e-20,5.37195e-20,3.56213e-20,4.87476e-20,6.60569e-20,4.29564e-20,3.65822e-20,4.05133e-20,5.67049e-20,3.556e-20,3.82488e-20,5.54917e-20,5.94691e-20,4.72499e-20,6.6906e-20
3.22822e-21,1.97569e-21,1.81069e-21,2.14908e-21,2.01518e-21,2.28304e-21,1.79704e-21,1.70532e-21,1.63849e-21,2.56547e-21,2.15051e-21,2.12512e-21,1.98249e-21,1.69004e-21,1.95241e-21,1.95426e-21,2.22311e-21,2.0318e-21,1.72789e-21,2.78816e-21,2.23543e-21,2.59885e-21,3.11418e-21,2.57527e-21,2.36442e-21,2.90817e-21
1.90068e-21,1.48746e-21,1.74961e-21,1.20344e-21,1.55149e-21,1.28911e-21,1.09206e-21,1.51583e-21,1.15742e-21,1.41921e-21,1.36361e-21,1.31225e-21,1.16527e-21,1.18901e-21,1.13788e-21,1.10059e-21,1.08537e-21,9.00767e-22,1.01286e-21,9.30928e-22,9.04696e-22,8.75124e-22,8.3059e-22,8.82866e-22,7.34866e-22,7.1654e-22
6.06739e-22,8.15555e-22,7.97045e-22,8.21133e-22,8.48308e-22,6.66011e-22,8.93775e-22,6.74447e-22,6.60565e-22,6.34731e-22,6.21201e-22,5.94782e-22,4.29302e-22,4.09903e-22,5.16998e-22,3.69292e-22,3.45401e-22,4.40599e-22,4.12779e-22,2.91525e-22,2.708e-22,3.37237e-22,2.35222e-22,2.95211e-22,2.04035e-22,3.21449e-22
5.47704e-21,5.19968e-21,6.45291e-21,4.55615e-21,5.76356e-21,6.91732e-21,3.87703e-21,4.78904e-21,3.38932e-21,3.18101e-21,3.02554e-21,3.82831e-21,4.4761e-21,3.36798e-21,2.39695e-21,3.02943e-21,2.20176e-21,2.07183e-21,2.60275e-21,2.48493e-21,1.74323e-21,1.65268e-21,2.08541e-21,2.46549e-21,1.86719e-21,1.8074e-21
7.71161e-21,7.99458e-21,9.62476e-21,1.14992e-20,1.15712e-20,9.14737e-21,1.21124e-20,1.23888e-20,9.32761e-21,9.45628e-21,9.3634e-21,1.2668e-20,9.72859e-21,7.90365e-21,1.09218e-20,7.71581e-21,1.08496e-20,7.52992e-21,7.40099e-21,7.22582e-21,1.17287e-20,8.41267e-21,6.80035e-21,8.23108e-21,8.0734e-21,7.94184e-21
6.51775e-22,8.16398e-22,9.75611e-22,1.01063e-21,1.33845e-21,1.45354e-21,1.66819e-21,1.95583e-21,2.4847e-21,3.09943e-21,3.39896e-21,4.32858e-21,5.17178e-21,6.34823e-21,7.852e-21,9.67167e-21,1.15953e-20,1.48088e-20,1.01088e-20,1.25367e-20,1.22333e-20,2.53105e-20,2.42611e-20,2.0707e-20,1.68543e-20,2.17641e-20
4.29659e-21,6.35635e-21,7.50776e-21,7.37918e-21,7.0874e-21,6.91245e-21,8.05701e-21,7.04678e-21,7.55566e-21,8.22835e-21,6.46009e-21,5.28963e-21,6.39481e-21,5.25168e-21,6.43364e-21,4.00049e-21,3.98778e-21,2.77213e-21,2.62437e-21,3.36917e-21,3.16362e-21,2.26318e-21,2.09894e-21,2.00823e-21,2.59502e-21,1.89235e-21
2.83468e-21,2.90763e-21,2.91093e-21,2.86678e-21,2.72563e-21,2.58378e-21,2.37943e-21,2.249e-21,2.31354e-21,2.11429e-21,2.1579e-21,2.07866e-21,2.02204e-21,2.41673e-21,2.17519e-21,2.45611e-21,2.53098e-21,2.8264e-21,3.09323e-21,3.74204e-21,4.03161e-21,4.61529e-21,4.96698e-21,5.38599e-21,5.9946e-21,6.48499e-21
2.22955e-21,2.14806e-21,2.06072e-21,1.98811e-21,1.92968e-21,1.84384e-21,1.32293e-21,1.2818e-21,1.23708e-21,1.59845e-21,1.13173e-21,1.45384e-21,1.37863e-21,1.33356e-21,1.27849e-21,9.10726e-22,1.17038e-21,1.14188e-21,7.937e-22,7.69066e-22,7.30332e-22,9.25447e-22,8.8415e-22,6.15771e-22,6.06306e-22,7.59744e-22
8.44478e-22,6.92376e-22,7.00018e-22,2.34125e-20,1.0266e-21,1.02983e-21,7.91051e-22,4.10035e-19,7.41632e-21,1.75051e-21,1.11149e-21,2.2077e-21,9.62329e-22,2.95622e-21,1.11138e-21,1.20026e-21,1.10042e-21,1.25205e-21,1.55229e-21,8.55652e-22,1.15939e-21,1.06906e-21,8.77065e-22,1.26251e-21,9.47375e-22,1.17855e-21
7.87405e-27,9.2334e-27,6.3731e-27,1.99413e-26,1.14487e-26,1.16202e-26,1.29843e-26,1.43454e-26,1.86631e-26,1.91734e-26,2.08292e-26,2.6378e-26,2.35073e-26,2.913e-26,3.13446e-26,3.72941e-26,3.98974e-26,4.43711e-26,4.67829e-26,6.65303e-26,6.68247e-26,1.01693e-25,1.45674e-25,1.31979e-25,1.57553e-25,1.76877e-25
2.43714e-22,3.35525e-22,4.40016e-22,5.93271e-22,6.98219e-22,1.03564e-21,8.5446e-22,9.79161e-22,1.10544e-21,1.33384e-21,1.30784e-21,2.3802e-21,2.67552e-21,2.41321e-21,2.21944e-21,2.16401e-21,1.67629e-21,2.10001e-21,1.88918e-21,1.64984e-21,1.66802e-21,2.8271e-21,1.81213e-21,1.44879e-21,2.1918e-21,1.81305e-21
7.07073e-21,8.9106e-21,8.66154e-21,8.82437e-21,1.08555e-20,9.4024e-21,1.09067e-20,1.49944e-20,1.4583e-20,1.1942e-20,1.43895e-20,1.49718e-20,1.11772e-20,1.30374e-20,1.49181e-20,9.12132e-21,8.81269e-21,8.70164e-21,8.517e-21,8.07817e-21,7.91323e-21,7.28923e-21,5.53047e-21,6.60069e-21,5.10784e-21,4.75142e-21
6.89339e-21,7.0157e-21,6.82508e-21,5.7391e-21,3.99179e-21,5.60489e-21,3.74537e-21,4.42397e-21,4.53109e-21,3.14521e-21,3.51207e-21,3.18367e-21,2.34897e-21,2.35803e-21,2.10789e-21,1.83409e-21,1.70489e-21,1.42161e-21,1.27263e-21,1.09215e-21,1.00382e-21,8.66302e-22,8.05153e-22,7.16612e-22,6.18784e-22,6.37558e-22
2.59282e-22,3.44709e-22,3.6594e-22,4.75933e-22,4.01123e-22,6.9788e-22,7.06481e-22,8.26822e-22,8.33393e-22,7.05902e-22,5.32378e-22,7.73313e-22,9.58398e-22,8.27478e-22,1.13252e-21,5.84267e-22,9.13434e-22,9.60092e-22,1.49008e-21,7.63213e-22,8.17603e-22,1.508e-21,1.28261e-21,1.33323e-21,1.59269e-21,1.7162e-21
6.03382e-23,8.37426e-23,1.19077e-22,1.52593e-22,1.7212e-22,2.75269e-22,2.59464e-22,2.21821e-22,3.81924e-22,4.12922e-22,4.43642e-22,5.22633e-22,4.71186e-22,4.21907e-22,6.92287e-22,5.04249e-22,4.68683e-22,4.95739e-22,4.46746e-22,4.70197e-22,4.61217e-22,5.8411e-22,3.91254e-22,3.84368e-22,5.84154e-22,2.91201e-22
5.84329e-21,6.87707e-21,5.37066e-21,1.17004e-20,1.08041e-20,8.7191e-21,1.05201e-20,1.57746e-20,2.0948e-20,1.19305e-20,2.16368e-20,1.50719e-20,1.58439e-20,2.527e-20,1.79484e-20,2.42296e-20,2.43832e-20,1.89016e-20,2.20629e-20,2.52979e-20,2.54372e-20,1.86717e-20,1.8686e-20,2.44799e-20,2.08776e-20,1.48391e-20
3.64805e-23,4.55897e-23,5.46774e-23,3.84978e-23,3.96049e-23,5.65778e-23,3.97385e-23,4.88982e-23,4.7579e-23,4.75967e-23,5.49257e-23,3.91035e-23,4.52696e-23,4.42831e-23,3.57403e-23,3.47701e-23,4.13735e-23,3.34163e-23,3.24011e-23,3.84716e-23,3.11469e-23,4.09709e-23,3.3923e-23,2.75896e-23,3.24059e-23,2.99422e-23
1.3407e-21,2.65491e-21,2.63276e-21,2.73888e-21,1.50409e-21,1.09305e-21,1.45339e-21,1.40248e-21,1.36073e-21,9.84401e-22,1.5145e-21,1.22572e-21,8.55432e-22,1.12671e-21,1.04318e-21,7.44178e-22,6.87737e-22,6.42086e-22,6.14077e-22,5.90422e-22,7.54796e-22,5.21519e-22,6.81529e-22,6.38507e-22,4.49275e-22,5.71378e-22
4.63584e-21,4.84605e-21,6.78123e-21,6.32336e-21,8.4739e-21,6.14146e-21,1.03006e-20,6.97234e-21,9.01977e-21,1.11586e-20,7.32136e-21,7.47621e-21,7.73302e-21,6.38191e-21,6.98727e-21,6.42441e-21,4.77943e-21,4.66652e-21,6.47724e-21,4.67217e-21,6.08949e-21,5.99602e-21,4.32181e-21,4.26691e-21,4.1564e-21,4.09408e-21
6.92135e-27,2.53559e-26,1.50101e-26,7.01113e-27,4.21638e-27,1.39116e-26,1.10379e-26,2.49247e-26,4.44226e-26,2.31235e-26,1.70176e-26,3.13608e-26,3.09415e-24,2.08174e-26,3.2394e-26,1.45122e-26,2.99772e-26,3.53741e-26,1.49829e-26,4.84383e-26,5.62779e-26,5.90906e-26,4.30113e-26,1.68612e-25,4.02883e-26,6.97347e-26
3.00021e-22,3.68081e-22,3.79091e-22,2.10527e-22,2.09788e-22,2.27576e-22,2.18836e-22,1.61313e-22,1.58559e-22,1.56947e-22,2.08161e-22,1.54036e-22,1.98308e-22,1.95257e-22,1.89155e-22,1.38577e-22,1.35255e-22,1.30846e-22,1.68777e-22,1.63361e-22,1.19181e-22,1.13155e-22,1.47666e-22,1.06188e-22,1.02015e-22,9.79528e-23
1.42264e-23,1.93256e-23,3.32918e-23,4.46235e-23,4.65646e-23,6.57414e-23,9.1396e-23,1.16568e-22,1.58948e-22,1.85004e-22,2.07728e-22,2.18469e-22,2.5556e-22,3.00209e-22,3.41577e-22,4.13514e-22,6.91697e-22,5.01398e-22,4.97424e-22,4.86772e-22,5.17543e-22,5.30894e-22,5.25389e-22,5.40016e-22,5.39143e-22,5.32483e-22
4.56269e-22,6.31891e-22,5.89808e-22,5.39221e-22,5.96785e-22,4.82616e-22,6.93201e-22,5.58003e-22,7.93083e-22,6.26135e-22,6.58999e-22,6.94455e-22,7.05768e-22,7.23531e-22,7.37291e-22,7.49146e-22,7.59249e-22,7.67442e-22,7.78958e-22,1.03688e-21,1.03447e-21,7.71348e-22,7.62756e-22,7.62198e-22,7.60288e-22,1.29379e-21
6.25743e-21,6.77598e-21,5.52075e-21,8.15616e-21,6.48425e-21,9.55141e-21,1.3076e-20,1.4022e-20,1.13662e-20,1.21692e-20,1.28122e-20,2.69387e-20,1.40625e-20,1.47487e-20,2.25357e-20,1.95931e-20,1.53354e-20,1.56808e-20,1.93217e-20,1.58648e-20,2.12461e-20,1.49271e-20,1.48313e-20,1.11657e-20,1.47183e-20,1.47052e-20
3.91752e-23,2.78681e-23,4.05319e-23,3.95924e-23,2.93958e-23,4.83724e-23,5.46028e-23,4.74412e-23,5.7868e-23,5.97129e-23,4.22414e-23,5.50951e-23,6.11782e-23,5.6475e-23,5.69714e-23,6.54134e-23,5.63697e-23,6.26877e-23,4.82276e-23,6.24171e-23,4.99574e-23,5.045e-23,1.272e-22,5.61507e-23,6.66121e-23,4.51765e-23
6.1013e-22,6.98551e-22,8.21806e-22,1.05411e-21,1.23557e-21,8.1991e-22,1.51304e-21,8.37251e-22,1.2194e-21,1.65029e-21,1.52094e-21,1.41551e-21,1.16925e-21,1.21707e-21,1.24164e-21,9.67518e-22,1.32955e-21,1.03389e-21,1.02461e-21,1.05474e-21,1.0693e-21,1.07053e-21,1.07112e-21,1.08998e-21,1.10858e-21,1.08333e-21
6.89382e-22,5.48253e-22,5.30442e-22,5.18252e-22,5.20312e-22,3.78064e-22,3.75635e-22,4.9753e-22,3.61888e-22,6.09542e-22,3.57808e-22,4.78472e-22,3.47111e-22,5.99385e-22,4.5681e-22,3.37261e-22,4.5544e-22,4.48942e-22,9.23224e-22,4.61133e-22,5.81837e-22,4.48015e-22,4.51506e-22,4.34514e-22,3.236e-22,3.22181e-22
6.89339e-21,7.0157e-21,6.82508e-21,5.7391e-21,3.99179e-21,5.60489e-21,3.74537e-21,4.42397e-21,4.53109e-21,3.14521e-21,3.51207e-21,3.18367e-21,2.34897e-21,2.35803e-21,2.10789e-21,1.83409e-21,1.70489e-21,1.42161e-21,1.27263e-21,1.09215e-21,1.00382e-21,8.66302e-22,8.05153e-22,7.16612e-22,6.18784e-22,6.37558e-22
3.77466e-22,5.29321e-22,6.96289e-22,9.07758e-22,9.73682e-22,1.05765e-21,1.52705e-21,1.68021e-21,2.5599e-21,2.27241e-21,3.66015e-21,2.4207e-21,3.79529e-21,4.62948e-21,3.60574e-21,4.32563e-21,4.93332e-21,3.80956e-21,4.13526e-21,4.6571e-21,5.09125e-21,5.6632e-21,5.99809e-21,9.83833e-21,8.50275e-21,7.12046e-21
9.06634e-21,1.17427e-20,1.56757e-20,1.41475e-20,2.11616e-20,1.99655e-20,2.09241e-20,3.34777e-20,4.00828e-20,3.36534e-20,3.87311e-20,2.82931e-20,3.01288e-20,3.9847e-20,3.27025e-20,2.53808e-20,2.53588e-20,2.64563e-20,3.40793e-20,2.47769e-20,2.44929e-20,2.35882e-20,2.28262e-20,3.00286e-20,2.16018e-20,1.94191e-20
6.28271e-22,6.03066e-22,5.79709e-22,5.55365e-22,5.29465e-22,5.05219e-22,4.8029e-22,4.53634e-22,4.28942e-22,4.04872e-22,3.81763e-22,3.60686e-22,3.3581e-22,3.17179e-22,2.96385e-22,2.77182e-22,2.56558e-22,2.40948e-22,2.21401e-22,2.05874e-22,1.92365e-22,1.76445e-22,1.62535e-22,1.47627e-22,1.35139e-22,1.25075e-22
5.19049e-22,4.20192e-22,5.55233e-22,5.57865e-22,6.59504e-22,5.70731e-22,8.83689e-22,5.86619e-22,5.20157e-22,7.33677e-22,4.35886e-22,3.28207e-22,3.91013e-22,2.897e-22,2.00966e-22,2.54845e-22,2.36291e-22,1.63056e-22,2.07659e-22,1.39299e-22,1.78447e-22,1.81712e-22,1.56263e-22,1.09161e-22,1.01628e-22,9.50463e-23
1.23807e-21,1.74054e-21,1.37039e-21,1.43049e-21,1.96325e-21,1.55647e-21,2.14815e-21,1.73016e-21,1.68223e-21,1.73708e-21,1.81172e-21,1.89822e-21,2.65848e-21,4.57961e-21,2.08833e-21,2.18667e-21,3.07601e-21,2.3874e-21,2.48384e-21,2.59204e-21,2.70594e-21,2.80916e-21,2.9421e-21,3.01525e-21,4.17958e-21,3.19999e-21
1.19164e-21,1.70289e-21,1.26249e-21,1.29075e-21,1.30098e-21,1.77142e-21,1.33377e-21,1.79694e-21,1.36846e-21,1.81525e-21,1.35445e-21,1.35901e-21,1.36412e-21,1.38735e-21,1.82116e-21,1.34885e-21,1.34345e-21,1.34425e-21,1.30931e-21,1.29329e-21,1.28253e-21,1.7019e-21,2.09311e-21,1.64066e-21,1.62215e-21,1.16969e-21
4.42397e-21,3.01731e-21,2.32616e-21,4.21511e-21,2.70737e-21,2.09739e-21,2.63749e-21,1.43786e-21,1.85812e-21,2.24792e-21,2.15521e-21,2.93328e-21,1.92592e-21,1.85165e-21,1.40238e-21,1.33412e-21,1.26685e-21,1.81045e-21,1.72349e-21,1.6418e-21,1.01866e-21,9.70475e-22,6.81995e-22,8.71981e-22,8.14389e-22,1.38541e-21
7.69259e-21,8.01196e-21,6.21427e-21,6.08062e-21,6.03114e-21,6.03499e-21,5.93832e-21,7.59728e-21,5.66986e-21,5.61994e-21,5.38538e-21,5.27508e-21,6.58482e-21,5.05596e-21,6.01626e-21,5.94908e-21,5.70224e-21,6.70776e-21,6.53531e-21,6.18291e-21,6.217e-21,5.79684e-21,6.41322e-21,4.1806e-21,4.90131e-21,3.78591e-21
2.59319e-22,2.63843e-22,3.60575e-22,2.94874e-22,3.32782e-22,4.48895e-22,4.30123e-22,8.55205e-22,5.39269e-22,4.78451e-22,5.40884e-22,1.00781e-21,6.33605e-22,8.20214e-22,9.20539e-22,9.39673e-22,1.17708e-21,8.42569e-22,1.48239e-21,9.84856e-22,1.22055e-21,8.24305e-22,1.29224e-21,1.10461e-21,1.11169e-21,1.11287e-21
5.70987e-22,7.90334e-22,1.2197e-21,1.88136e-21,2.89221e-21,4.14885e-21,6.26588e-21,8.31963e-21,8.87463e-21,1.29312e-20,1.74915e-20,1.54065e-20,1.39205e-20,1.68875e-20,2.10119e-20,2.44679e-20,2.40728e-20,2.13817e-20,1.92176e-20,1.97682e-20,1.69806e-20,2.31446e-20,1.65294e-20,2.27418e-20,1.83932e-20,1.52788e-20
5.34966e-22,5.92729e-22,8.78284e-22,9.73153e-22,1.03039e-21,1.47993e-21,1.23549e-21,1.6193e-21,1.27501e-21,1.31385e-21,1.01337e-21,1.03531e-21,1.43769e-21,1.0598e-21,1.08285e-21,1.83148e-21,1.42382e-21,1.4232e-21,1.38778e-21,2.41374e-21,1.25581e-21,1.58696e-21,1.43861e-21,1.97243e-21,1.29901e-21,9.66859e-22
3.73153e-22,4.62646e-22,3.96078e-22,3.82277e-22,5.40709e-22,4.18975e-22,5.71881e-22,5.24681e-22,5.61928e-22,6.06336e-22,7.87464e-22,6.58765e-22,6.80217e-22,7.04937e-22,7.25896e-22,5.5383e-22,7.74913e-22,5.92139e-22,5.91939e-22,1.00957e-21,5.98238e-22,8.13409e-22,8.18245e-22,8.36483e-22,8.41674e-22,6.34654e-22
9.77541e-21,5.97696e-21,5.81863e-21,6.87906e-21,6.83671e-21,5.6912e-21,5.44696e-21,5.62258e-21,5.28267e-21,6.56579e-21,6.3042e-21,5.12849e-21,5.11286e-21,5.00421e-21,5.88446e-21,4.80857e-21,4.90312e-21,5.56732e-21,6.15048e-21,4.29637e-21,4.10389e-21,3.98391e-21,3.74719e-21,5.19783e-21,4.39329e-21,5.42854e-21
2.18433e-21,2.98049e-21,2.25375e-21,2.27242e-21,2.30206e-21,2.3021e-21,2.31256e-21,2.32157e-21,2.34726e-21,3.16739e-21,2.36715e-21,2.36978e-21,2.38467e-21,2.41094e-21,3.24931e-21,2.43263e-21,2.46138e-21,2.4901e-21,2.48491e-21,3.38655e-21,3.43877e-21,3.4588e-21,3.47954e-21,3.49266e-21,3.49958e-21,3.50339e-21
3.10567e-23,4.43197e-23,4.70489e-23,5.9378e-23,6.91294e-23,7.4726e-23,8.7755e-23,1.0448e-22,1.16824e-22,1.42758e-22,1.48374e-22,2.32032e-22,1.88396e-22,2.27462e-22,3.33126e-22,2.85461e-22,6.33635e-22,2.89643e-22,3.03064e-22,3.16837e-22,3.5761e-22,3.87206e-22,3.47092e-22,3.81016e-22,3.76642e-22,4.00951e-22
5.84329e-21,6.87707e-21,5.37066e-21,1.17004e-20,1.08041e-20,8.7191e-21,1.05201e-20,1.57746e-20,2.0948e-20,1.19305e-20,2.16368e-20,1.50719e-20,1.58439e-20,2.527e-20,1.79484e-20,2.42296e-20,2.43832e-20,1.89016e-20,2.20629e-20,2.52979e-20,2.54372e-20,1.86717e-20,1.8686e-20,2.44799e-20,2.08776e-20,1.48391e-20
6.28271e-22,6.03066e-22,5.79709e-22,5.55365e-22,5.29465e-22,5.05219e-22,4.8029e-22,4.53634e-22,4.28942e-22,4.04872e-22,3.81763e-22,3.60686e-22,3.3581e-22,3.17179e-22,2.96385e-22,2.77182e-22,2.56558e-22,2.40948e-22,2.21401e-22,2.05874e-22,1.92365e-22,1.76445e-22,1.62535e-22,1.47627e-22,1.35139e-22,1.25075e-22
1.58106e-21,1.48262e-21,2.17585e-21,2.01491e-21,2.97589e-21,3.31947e-21,2.20606e-21,2.47172e-21,2.75734e-21,2.96388e-21,3.20452e-21,4.62728e-21,3.71046e-21,3.89541e-21,4.07194e-21,4.24789e-21,4.36825e-21,4.49345e-21,6.17602e-21,4.67796e-21,4.69256e-21,4.75018e-21,4.76554e-21,4.76837e-21,4.72689e-21,4.71767e-21
3.99483e-22,5.25059e-22,6.67424e-22,7.55647e-22,5.54453e-22,4.81647e-22,5.80835e-22,6.98092e-22,1.0485e-21,6.57909e-22,8.61147e-22,9.16278e-22,1.00475e-21,9.04065e-22,6.3582e-22,8.66241e-22,7.48838e-22,1.46288e-21,8.6467e-22,9.23475e-22,1.02788e-21,1.07167e-21,1.2177e-21,1.24542e-21,1.38717e-21,1.42526e-21
1.50844e-21,1.26481e-21,1.3946e-21,1.25817e-21,1.30644e-21,1.23727e-21,2.00352e-21,2.21756e-21,1.68173e-21,2.19017e-21,2.27209e-21,1.92798e-21,2.38165e-21,2.09281e-21,3.21684e-21,2.11735e-21,2.28402e-21,2.31293e-21,3.64777e-21,3.92221e-21,3.56329e-21,3.80747e-21,2.2926e-21,4.63947e-21,2.58799e-21,2.26702e-21
7.855e-21,1.91888e-20,7.93524e-21,7.98314e-21,8.24869e-21,8.15501e-21,8.07851e-21,1.03667e-20,9.97429e-21,7.05369e-21,6.78982e-21,6.49162e-21,6.29354e-21,6.02345e-21,5.85263e-21,5.73051e-21,5.48782e-21,5.33718e-21,5.1778e-21,5.18051e-21,4.88452e-21,6.54372e-21,4.69674e-21,5.98921e-21,5.74057e-21,6.9042e-21
2.12911e-21,1.36308e-21,1.57781e-21,2.87282e-21,1.61645e-21,2.12839e-21,2.39434e-21,3.12854e-21,3.09841e-21,2.43979e-21,2.27171e-21,5.04642e-21,3.21273e-21,2.26986e-21,3.77138e-21,3.81937e-21,3.25392e-21,3.42006e-21,4.14112e-21,2.70255e-21,2.0268e-21,2.05098e-21,2.71758e-21,2.02145e-21,1.97853e-21,1.99399e-21
5.52739e-22,5.54102e-22,8.09082e-22,9.57602e-22,1.16551e-21,2.36004e-21,1.81554e-21,2.26819e-21,2.48919e-21,3.02089e-21,3.35757e-21,4.02257e-21,4.16266e-21,4.51791e-21,5.13532e-21,4.94072e-21,5.45501e-21,3.98177e-21,3.91531e-21,3.40157e-21,4.63883e-21,4.28838e-21,4.03761e-21,3.36459e-21,3.70923e-21,3.00294e-21
3.47106e-22,4.62664e-22,6.0142e-22,7.56418e-22,8.70163e-22,6.45967e-22,1.08707e-21,1.39663e-21,6.95264e-22,9.14617e-22,7.10264e-22,9.07999e-22,6.58356e-22,5.49716e-22,6.4289e-22,6.26496e-22,5.23887e-22,3.2058e-22,4.63844e-22,2.9177e-22,2.68985e-22,3.1536e-22,1.73984e-22,2.16079e-22,1.47868e-22,2.34788e-22
2.17006e-21,4.41821e-21,3.12922e-21,4.09769e-21,5.36212e-21,3.17296e-21,7.68173e-21,6.13615e-21,6.79149e-21,1.17135e-20,8.37329e-21,7.55342e-21,1.17362e-20,1.16744e-20,2.89414e-20,1.8006e-20,2.17874e-20,1.80131e-20,2.37339e-20,4.60158e-20,3.40465e-20,3.59116e-20,3.42459e-20,4.1553e-20,3.75991e-20,3.17139e-20
1.31479e-20,1.53343e-20,9.79812e-21,1.18207e-20,9.04362e-21,1.1098e-20,1.05417e-20,1.02425e-20,9.77043e-21,9.34194e-21,1.09736e-20,5.23578e-21,6.72662e-21,9.98854e-21,4.68964e-21,6.00168e-21,7.30487e-21,8.46383e-21,8.74898e-21,5.13666e-21,3.7001e-21,4.69764e-21,4.54114e-21,4.32954e-21,3.09953e-21,2.99819e-21
5.47704e-21,5.19968e-21,6.45291e-21,4.55615e-21,5.76356e-21,6.91732e-21,3.87703e-21,4.78904e-21,3.38932e-21,3.18101e-21,3.02554e-21,3.82831e-21,4.4761e-21,3.36798e-21,2.39695e-21,3.02943e-21,2.20176e-21,2.07183e-21,2.60275e-21,2.48493e-21,1.74323e-21,1.65268e-21,2.08541e-21,2.46549e-21,1.86719e-21,1.8074e-21
4.13307e-22,5.17714e-22,6.57332e-22,8.15048e-22,9.94542e-22,1.26934e-21,1.57394e-21,2.02053e-21,2.48167e-21,3.19404e-21,3.94302e-21,4.86098e-21,6.36706e-21,5.95575e-21,9.31637e-21,9.98629e-21,1.32407e-20,1.2675e-20,8.01294e-21,1.48305e-20,1.60996e-20,1.38888e-20,1.35422e-20,1.35194e-20,1.29095e-20,2.16025e-20
3.64805e-23,4.55897e-23,5.46774e-23,3.84978e-23,3.96049e-23,5.65778e-23,3.97385e-23,4.88982e-23,4.7579e-23,4.75967e-23,5.49257e-23,3.91035e-23,4.52696e-23,4.42831e-23,3.57403e-23,3.47701e-23,4.13735e-23,3.34163e-23,3.24011e-23,3.84716e-23,3.11469e-23,4.09709e-23,3.3923e-23,2.75896e-23,3.24059e-23,2.99422e-23
1.37077e-22,1.2873e-22,1.17358e-22,1.78648e-22,1.42681e-22,1.43915e-22,1.31275e-22,1.34252e-22,1.6218e-22,1.19422e-22,1.76123e-22,1.66306e-22,1.73314e-22,1.89351e-22,1.34869e-22,1.71737e-22,1.21774e-22,1.62567e-22,8.65556e-23,9.78542e-23,1.40171e-22,1.48261e-22,1.19373e-22,1.01715e-22,1.19787e-22,7.46495e-23
6.89339e-21,7.0157e-21,6.82508e-21,5.7391e-21,3.99179e-21,5.60489e-21,3.74537e-21,4.42397e-21,4.53109e-21,3.14521e-21,3.51207e-21,3.18367e-21,2.34897e-21,2.35803e-21,2.10789e-21,1.83409e-21,1.70489e-21,1.42161e-21,1.27263e-21,1.09215e-21,1.00382e-21,8.66302e-22,8.05153e-22,7.16612e-22,6.18784e-22,6.37558e-22
1.16971e-23,1.42497e-23,1.08445e-23,1.90312e-23,2.11485e-23,1.65424e-23,2.69589e-23,3.27467e-23,3.75304e-23,4.68283e-23,6.45804e-23,7.76824e-23,1.05339e-22,1.38158e-22,1.89349e-22,2.52874e-22,2.22313e-22,2.72266e-22,3.93618e-22,3.52252e-22,4.4685e-22,6.24812e-22,8.21609e-22,5.44044e-22,1.26356e-21,6.04722e-22
4.98303e-23,4.02816e-23,5.81626e-23,6.74871e-23,6.66275e-23,8.11344e-23,1.73094e-22,2.14262e-22,1.49663e-22,1.48746e-22,1.32641e-22,1.50884e-22,1.54458e-22,2.17575e-22,2.33868e-22,2.09146e-22,2.51492e-22,1.62677e-22,3.03749e-22,2.04614e-22,2.85699e-22,2.08297e-22,2.46812e-22,2.48161e-22,2.79067e-22,2.79776e-22
6.03382e-23,8.37426e-23,1.19077e-22,1.52593e-22,1.7212e-22,2.75269e-22,2.59464e-22,2.21821e-22,3.81924e-22,4.12922e-22,4.43642e-22,5.22633e-22,4.71186e-22,4.21907e-22,6.92287e-22,5.04249e-22,4.68683e-22,4.95739e-22,4.46746e-22,4.70197e-22,4.61217e-22,5.8411e-22,3.91254e-22,3.84368e-22,5.84154e-22,2.91201e-22
6.78724e-22,7.15711e-22,7.15165e-22,6.2772e-22,7.30845e-22,6.63371e-22,5.63931e-22,8.21908e-22,6.17526e-22,6.94499e-22,6.67102e-22,5.60043e-22,5.50991e-22,6.20155e-22,5.52209e-22,5.94093e-22,5.43324e-22,4.44096e-22,4.33316e-22,3.22951e-22,4.19276e-22,3.75166e-22,3.89242e-22,3.34967e-22,3.77144e-22,3.71339e-22
8.77229e-22,7.28756e-22,7.9586e-22,9.099e-22,9.82903e-22,1.37391e-21,1.2198e-21,1.3184e-21,8.42702e-22,8.91854e-22,9.55136e-22,9.91791e-22,1.40864e-21,1.10146e-21,1.51629e-21,1.92423e-21,1.53422e-21,1.56496e-21,1.53287e-21,1.87638e-21,1.80268e-21,2.07071e-21,1.66308e-21,2.22175e-21,2.6407e-21,1.79289e-21
5.84329e-21,6.87707e-21,5.37066e-21,1.17004e-20,1.08041e-20,8.7191e-21,1.05201e-20,1.57746e-20,2.0948e-20,1.19305e-20,2.16368e-20,1.50719e-20,1.58439e-20,2.527e-20,1.79484e-20,2.42296e-20,2.43832e-20,1.89016e-20,2.20629e-20,2.52979e-20,2.54372e-20,1.86717e-20,1.8686e-20,2.44799e-20,2.08776e-20,1.48391e-20
7.18013e-23,7.92081e-23,1.03068e-22,8.81362e-23,1.33193e-22,1.42929e-22,1.37061e-22,2.10238e-22,1.90924e-22,2.19922e-22,2.43035e-22,2.76556e-22,3.05251e-22,3.33585e-22,2.71357e-22,2.98659e-22,4.14249e-22,3.24589e-22,3.32103e-22,3.37086e-22,3.45594e-22,3.53423e-22,3.55788e-22,3.64822e-22,3.76e-22,3.8164e-22
4.09266e-23,5.73221e-23,5.21251e-23,5.66955e-23,7.49617e-23,6.65448e-23,7.16559e-23,7.51488e-23,7.95036e-23,9.03981e-23,1.02067e-22,1.12425e-22,1.32056e-22,1.34504e-22,1.47911e-22,1.6392e-22,2.10838e-22,2.24714e-22,3.21297e-22,3.11228e-22,3.42439e-22,4.00324e-22,5.11963e-22,5.64476e-22,6.70669e-22,7.85168e-22
4.29659e-21,6.35635e-21,7.50776e-21,7.37918e-21,7.0874e-21,6.91245e-21,8.05701e-21,7.04678e-21,7.55566e-21,8.22835e-21,6.46009e-21,5.28963e-21,6.39481e-21,5.25168e-21,6.43364e-21,4.00049e-21,3.98778e-21,2.77213e-21,2.62437e-21,3.36917e-21,3.16362e-21,2.26318e-21,2.09894e-21,2.00823e-21,2.59502e-21,1.89235e-21
9.57712e-23,1.00972e-22,1.08291e-22,8.62557e-23,8.97912e-23,1.59436e-22,9.92307e-23,9.92542e-23,1.01794e-22,1.04923e-22,1.06093e-22,1.83212e-22,1.10087e-22,1.10667e-22,1.15846e-22,1.89812e-22,1.44444e-22,1.4571e-22,1.42763e-22,1.40129e-22,1.35178e-22,1.32688e-22,1.25195e-22,1.18847e-22,1.13141e-22,1.06372e-22
3.41736e-23,3.74893e-23,4.17394e-23,5.96915e-23,4.70276e-23,6.50666e-23,5.1685e-23,5.34483e-23,5.49495e-23,5.65145e-23,5.65877e-23,5.9489e-23,5.75931e-23,5.85004e-23,5.74651e-23,5.75593e-23,7.58691e-23,5.54466e-23,5.4595e-23,5.359e-23,5.20651e-23,5.08223e-23,4.94413e-23,4.75571e-23,4.60493e-23,4.4971e-23
1.69351e-22,2.34005e-22,4.6951e-22,5.41959e-22,3.20203e-22,3.24985e-22,8.1772e-22,5.68876e-22,8.74055e-22,6.86923e-22,7.01032e-22,9.12926e-22,7.55122e-22,6.6295e-22,7.92349e-22,8.2327e-22,8.23398e-22,7.9538e-22,6.34804e-22,9.44809e-22,1.12961e-21,9.68435e-22,6.5241e-22,5.57343e-22,6.20267e-22,6.04763e-22
8.28624e-21,5.40112e-21,5.2084e-21,5.11915e-21,4.98096e-21,4.82352e-21,4.70127e-21,4.61235e-21,4.50185e-21,4.39459e-21,6.45332e-21,4.21124e-21,4.10463e-21,4.01009e-21,3.90846e-21,3.80402e-21,5.57862e-21,3.59715e-21,3.50352e-21,3.40179e-21,3.30098e-21,3.21774e-21,3.12335e-21,3.03446e-21,2.95572e-21,2.8754e-21
2.70542e-21,2.23907e-21,1.67954e-21,2.53437e-21,2.38766e-21,2.63047e-21,5.13094e-21,2.93956e-21,3.47177e-21,2.16691e-21,2.66954e-21,2.27041e-21,2.23164e-21,2.76953e-21,1.84844e-21,1.83494e-21,2.34585e-21,1.83933e-21,2.30796e-21,1.83988e-21,1.86287e-21,1.41772e-21,1.44495e-21,1.44675e-21,1.49076e-21,1.58049e-21
3.87076e-21,3.21573e-21,3.37354e-21,5.49091e-21,4.78528e-21,5.14765e-21,4.22841e-21,5.64586e-21,5.65955e-21,3.37845e-21,4.59881e-21,5.73715e-21,3.50804e-21,5.86718e-21,4.59752e-21,4.5648e-21,4.53501e-21,3.31554e-21,4.36131e-21,3.22692e-21,3.14083e-21,4.11107e-21,3.03501e-21,4.05113e-21,2.9421e-21,2.88983e-21
3.18076e-21,2.59374e-21,4.92656e-21,4.66937e-21,4.12132e-21,4.8421e-21,7.74383e-21,5.78139e-21,8.68439e-21,8.38524e-21,1.03922e-20,1.20659e-20,8.63547e-21,1.29376e-20,1.30511e-20,1.3355e-20,1.19123e-20,1.15458e-20,1.11892e-20,1.02127e-20,9.1242e-21,8.40475e-21,7.61499e-21,6.96632e-21,6.27023e-21,5.77189e-21
1.18017e-20,1.87097e-20,1.20329e-20,1.51347e-20,1.16137e-20,1.79455e-20,1.62945e-20,1.06022e-20,1.04345e-20,1.27139e-20,6.5515e-21,6.25757e-21,7.24405e-21,5.61306e-21,6.50918e-21,6.16483e-21,3.76263e-21,5.34235e-21,5.27521e-21,6.50523e-21,4.64456e-21,4.29396e-21,4.04686e-21,2.96286e-21,2.87972e-21,2.67973e-21
4.99524e-21,6.0702e-21,4.3274e-21,5.99149e-21,8.96899e-21,6.48103e-21,6.02973e-21,6.67438e-21,7.61738e-21,8.52031e-21,9.50594e-21,1.31992e-20,1.20727e-20,1.5616e-20,1.71332e-20,1.54221e-20,2.81218e-20,2.60697e-20,2.3486e-20,2.44908e-20,2.0111e-20,3.75348e-20,3.2494e-20,3.49149e-20,4.59229e-20,4.49138e-20
4.76191e-22,1.17287e-21,7.91631e-22,7.28376e-22,8.10817e-22,9.1682e-22,8.07719e-22,8.51215e-22,9.2548e-22,1.29751e-21,1.04244e-21,1.11422e-21,1.18619e-21,1.20177e-21,1.31299e-21,9.90009e-22,1.02321e-21,1.02663e-21,1.42187e-21,1.44485e-21,1.09111e-21,1.11723e-21,1.12813e-21,1.12011e-21,1.12389e-21,1.11647e-21
2.59319e-22,2.63843e-22,3.60575e-22,2.94874e-22,3.32782e-22,4.48895e-22,4.30123e-22,8.55205e-22,5.39269e-22,4.78451e-22,5.40884e-22,1.00781e-21,6.33605e-22,8.20214e-22,9.20539e-22,9.39673e-22,1.17708e-21,8.42569e-22,1.48239e-21,9.84856e-22,1.22055e-21,8.24305e-22,1.29224e-21,1.10461e-21,1.11169e-21,1.11287e-21
6.89339e-21,7.0157e-21,6.82508e-21,5.7391e-21,3.99179e-21,5.60489e-21,3.74537e-21,4.42397e-21,4.53109e-21,3.14521e-21,3.51207e-21,3.18367e-21,2.34897e-21,2.35803e-21,2.10789e-21,1.83409e-21,1.70489e-21,1.42161e-21,1.27263e-21,1.09215e-21,1.00382e-21,8.66302e-22,8.05153e-22,7.16612e-22,6.18784e-22,6.37558e-22
4.78271e-21,4.71102e-21,5.32256e-21,7.8704e-21,7.48383e-21,9.80082e-21,7.48798e-21,7.98126e-21,8.28133e-21,1.13743e-20,1.01622e-20,1.03193e-20,1.15868e-20,1.1209e-20,1.03157e-20,1.21164e-20,1.11504e-20,1.02319e-20,1.27477e-20,1.65859e-20,1.01876e-20,7.58238e-21,7.50347e-21,5.32387e-21,5.8022e-21,6.72341e-21
4.6953e-22,7.05333e-22,7.14374e-22,8.55789e-22,6.87733e-22,6.21406e-22,5.59608e-22,7.36116e-22,1.0685e-21,8.84974e-22,1.00363e-21,6.50319e-22,8.69999e-22,9.22984e-22,8.90014e-22,7.96534e-22,7.27793e-22,5.99568e-22,6.18068e-22,5.77075e-22,5.46734e-22,5.14745e-22,4.41581e-22,4.16e-22,3.929e-22,3.65764e-22
6.89339e-21,7.0157e-21,6.82508e-21,5.7391e-21,3.99179e-21,5.60489e-21,3.74537e-21,4.42397e-21,4.53109e-21,3.14521e-21,3.51207e-21,3.18367e-21,2.34897e-21,2.35803e-21,2.10789e-21,1.83409e-21,1.70489e-21,1.42161e-21,1.27263e-21,1.09215e-21,1.00382e-21,8.66302e-22,8.05153e-22,7.16612e-22,6.18784e-22,6.37558e-22
7.90293e-21,7.88083e-21,6.13379e-21,9.12875e-21,8.77682e-21,7.26369e-21,7.14507e-21,5.51076e-21,6.70816e-21,7.90489e-21,7.75546e-21,4.92739e-21,4.74481e-21,4.56567e-21,4.41833e-21,3.17446e-21,4.10006e-21,2.96289e-21,2.83743e-21,5.65008e-21,3.51971e-21,2.56833e-21,2.45514e-21,2.34574e-21,2.21467e-21,2.14609e-21
4.63584e-21,4.84605e-21,6.78123e-21,6.32336e-21,8.4739e-21,6.14146e-21,1.03006e-20,6.97234e-21,9.01977e-21,1.11586e-20,7.32136e-21,7.47621e-21,7.73302e-21,6.38191e-21,6.98727e-21,6.42441e-21,4.77943e-21,4.66652e-21,6.47724e-21,4.67217e-21,6.08949e-21,5.99602e-21,4.32181e-21,4.26691e-21,4.1564e-21,4.09408e-21
1.63079e-21,1.62973e-21,2.04055e-21,1.6231e-21,1.20995e-21,1.64949e-21,1.66094e-21,1.69359e-21,1.2974e-21,1.76831e-21,1.79841e-21,1.3801e-21,1.91748e-21,1.41218e-21,1.43796e-21,1.45967e-21,1.46383e-21,2.01589e-21,1.51178e-21,1.5056e-21,1.51158e-21,1.5676e-21,1.52692e-21,1.5251e-21,1.53627e-21,1.5602e-21
4.8971e-23,5.94918e-24,5.65355e-24,9.10504e-24,6.05434e-24,8.66615e-24,1.23833e-23,1.44912e-23,1.85036e-23,1.97115e-23,2.33486e-23,2.51266e-23,3.05263e-23,3.89997e-23,5.48703e-23,6.28514e-23,8.22314e-23,8.7136e-23,1.26165e-22,1.67472e-22,1.913e-22,2.90859e-22,3.36644e-22,3.82203e-22,4.62707e-22,5.74279e-22
4.29659e-21,6.35635e-21,7.50776e-21,7.37918e-21,7.0874e-21,6.91245e-21,8.05701e-21,7.04678e-21,7.55566e-21,8.22835e-21,6.46009e-21,5.28963e-21,6.39481e-21,5.25168e-21,6.43364e-21,4.00049e-21,3.98778e-21,2.77213e-21,2.62437e-21,3.36917e-21,3.16362e-21,2.26318e-21,2.09894e-21,2.00823e-21,2.59502e-21,1.89235e-21
8.38416e-25,9.58682e-25,1.21788e-24,1.34821e-24,1.31883e-24,1.46556e-24,2.51451e-24,2.84358e-24,3.11535e-24,2.28418e-24,2.87708e-24,2.22352e-24,3.75766e-24,3.60983e-24,2.59468e-24,2.51273e-24,3.63354e-24,4.11188e-24,2.9879e-24,4.23142e-24,4.74952e-24,4.07428e-24,3.39149e-24,4.46475e-24,3.27009e-24,5.92817e-24
2.71648e-20,2.71767e-20,2.67697e-20,2.61693e-20,2.66772e-20,2.30429e-20,2.15616e-20,2.00592e-20,1.84593e-20,1.76005e-20,1.52707e-20,1.38532e-20,1.21467e-20,1.14536e-20,9.82046e-21,9.22995e-21,8.41401e-21,7.91236e-21,7.44055e-21,7.02132e-21,7.01751e-21,7.11529e-21,6.73549e-21,5.42423e-21,5.02645e-21,6.69943e-21
6.49172e-23,5.06403e-23,5.40159e-23,5.63422e-23,5.94077e-23,8.39937e-23,6.4881e-23,8.88468e-23,6.84276e-23,7.00904e-23,7.24158e-23,1.00907e-22,1.01522e-22,7.76772e-23,7.66791e-23,7.89121e-23,7.8301e-23,1.05393e-22,1.31547e-22,1.03789e-22,1.03646e-22,1.02295e-22,1.01297e-22,7.48956e-23,9.97674e-23,9.94065e-23
9.28063e-25,1.36484e-24,1.92284e-24,2.7423e-24,4.0564e-24,5.24225e-24,8.35885e-24,1.03066e-23,1.53728e-23,2.04566e-23,2.8869e-23,3.87341e-23,4.96659e-23,5.98188e-23,6.53599e-23,7.93805e-23,6.33548e-23,8.61234e-23,9.34797e-23,1.23869e-22,1.27935e-22,1.02149e-22,1.46728e-22,2.09446e-22,1.21584e-22,1.34159e-22
1.35696e-21,2.55723e-21,2.076e-21,2.38055e-21,2.71918e-21,3.03108e-21,2.81145e-21,3.55888e-21,4.52293e-21,5.92163e-21,7.27379e-21,7.47062e-21,5.82027e-21,6.22027e-21,6.60266e-21,6.74358e-21,7.27431e-21,7.12425e-21,5.63472e-21,7.20274e-21,9.54369e-21,9.32052e-21,4.60109e-21,4.36162e-21,5.13344e-21,5.47847e-21
6.65117e-22,8.01492e-22,1.06003e-21,1.31273e-21,1.69702e-21,2.07414e-21,2.6354e-21,2.03675e-21,1.77134e-21,2.35919e-21,1.91998e-21,3.70593e-21,1.88787e-21,4.04498e-21,5.49875e-21,4.67527e-21,3.24991e-21,4.33405e-21,3.81221e-21,7.21332e-21,3.46494e-21,4.65649e-21,5.05162e-21,5.24217e-21,5.4534e-21,7.01192e-21
4.27791e-21,4.36815e-21,3.3336e-21,4.51361e-21,3.42351e-21,3.47251e-21,3.51628e-21,3.56845e-21,3.61932e-21,3.68797e-21,3.74489e-21,3.7514e-21,3.79585e-21,3.90484e-21,3.89265e-21,3.89175e-21,3.93293e-21,5.33192e-21,4.02212e-21,3.99461e-21,3.99944e-21,4.00795e-21,4.02461e-21,4.02623e-21,4.05298e-21,5.43301e-21
6.51775e-22,8.16398e-22,9.75611e-22,1.01063e-21,1.33845e-21,1.45354e-21,1.66819e-21,1.95583e-21,2.4847e-21,3.09943e-21,3.39896e-21,4.32858e-21,5.17178e-21,6.34823e-21,7.852e-21,9.67167e-21,1.15953e-20,1.48088e-20,1.01088e-20,1.25367e-20,1.22333e-20,2.53105e-20,2.42611e-20,2.0707e-20,1.68543e-20,2.17641e-20
1.19164e-21,1.70289e-21,1.26249e-21,1.29075e-21,1.30098e-21,1.77142e-21,1.33377e-21,1.79694e-21,1.36846e-21,1.81525e-21,1.35445e-21,1.35901e-21,1.36412e-21,1.38735e-21,1.82116e-21,1.34885e-21,1.34345e-21,1.34425e-21,1.30931e-21,1.29329e-21,1.28253e-21,1.7019e-21,2.09311e-21,1.64066e-21,1.62215e-21,1.16969e-21
6.28271e-22,6.03066e-22,5.79709e-22,5.55365e-22,5.29465e-22,5.05219e-22,4.8029e-22,4.53634e-22,4.28942e-22,4.04872e-22,3.81763e-22,3.60686e-22,3.3581e-22,3.17179e-22,2.96385e-22,2.77182e-22,2.56558e-22,2.40948e-22,2.21401e-22,2.05874e-22,1.92365e-22,1.76445e-22,1.62535e-22,1.47627e-22,1.35139e-22,1.25075e-22
1.18017e-20,1.87097e-20,1.20329e-20,1.51347e-20,1.16137e-20,1.79455e-20,1.62945e-20,1.06022e-20,1.04345e-20,1.27139e-20,6.5515e-21,6.25757e-21,7.24405e-21,5.61306e-21,6.50918e-21,6.16483e-21,3.76263e-21,5.34235e-21,5.27521e-21,6.50523e-21,4.64456e-21,4.29396e-21,4.04686e-21,2.96286e-21,2.87972e-21,2.67973e-21
2.64239e-21,3.29627e-21,2.39196e-21,2.39931e-21,1.52846e-21,1.2774e-21,1.40629e-21,1.5416e-21,2.49081e-21,2.70596e-21,1.43913e-21,2.6078e-21,3.30817e-21,1.70306e-21,2.45208e-21,1.89762e-21,3.34029e-21,2.08703e-21,4.35719e-21,3.0476e-21,4.04714e-21,2.30743e-21,3.22551e-21,2.43475e-21,2.43459e-21,2.48432e-21
1.33955e-21,1.10394e-21,1.13606e-21,1.19117e-21,1.21617e-21,1.2643e-21,1.62948e-21,1.32477e-21,1.33067e-21,1.35483e-21,1.74012e-21,2.15198e-21,1.44929e-21,1.86011e-21,1.50007e-21,1.48322e-21,2.29705e-21,2.32223e-21,2.42131e-21,3.50507e-21,2.27116e-21,1.90899e-21,1.83421e-21,3.35767e-21,2.13656e-21,2.78229e-21
1.9672e-21,2.22759e-21,2.65964e-21,3.41023e-21,4.39241e-21,5.32994e-21,6.69895e-21,8.886e-21,1.11645e-20,1.21325e-20,1.3023e-20,1.40363e-20,2.40919e-20,2.38064e-20,2.93916e-20,3.25395e-20,3.19959e-20,4.08543e-20,4.21875e-20,3.4646e-20,4.65735e-20,3.66308e-20,4.63706e-20,4.03852e-20,6.69781e-20,4.08222e-20
6.55846e-23,6.17273e-23,5.81181e-23,1.20552e-22,1.26088e-22,8.68414e-23,8.23646e-23,7.72442e-23,7.34727e-23,6.96387e-23,6.54675e-23,6.21705e-23,8.33196e-23,9.21419e-23,5.28208e-23,5.0186e-23,4.78111e-23,5.49108e-23,4.32511e-23,5.06284e-23,6.61641e-23,6.32832e-23,4.32863e-23,4.89367e-23,5.35084e-23,3.85238e-23
3.65026e-22,5.47521e-22,5.22801e-22,7.24615e-22,7.07548e-22,8.23615e-22,9.06055e-22,9.10145e-22,7.33963e-22,1.16958e-21,1.33048e-21,1.25103e-21,1.33181e-21,1.31945e-21,1.22874e-21,1.28196e-21,1.4792e-21,1.13567e-21,1.75162e-21,1.37768e-21,2.06565e-21,2.48413e-21,1.13858e-21,1.98353e-21,1.59552e-21,1.63093e-21
5.24955e-25,4.87989e-25,4.50735e-25,4.07073e-25,6.75956e-25,6.53352e-25,6.28591e-25,6.14177e-25,7.50308e-25,6.29891e-25,7.30985e-25,7.67895e-25,8.48526e-25,7.26929e-25,6.33162e-25,8.065e-25,8.00619e-25,8.19084e-25,8.41172e-25,1.08449e-24,7.8533e-25,6.33204e-25,6.75384e-25,7.31049e-25,8.22318e-25,6.20456e-25
6.06739e-22,8.15555e-22,7.97045e-22,8.21133e-22,8.48308e-22,6.66011e-22,8.93775e-22,6.74447e-22,6.60565e-22,6.34731e-22,6.21201e-22,5.94782e-22,4.29302e-22,4.09903e-22,5.16998e-22,3.69292e-22,3.45401e-22,4.40599e-22,4.12779e-22,2.91525e-22,2.708e-22,3.37237e-22,2.35222e-22,2.95211e-22,2.04035e-22,3.21449e-22
3.39164e-20,2.0048e-20,2.16179e-20,4.02384e-20,2.37991e-20,2.483e-20,2.50311e-20,2.58821e-20,4.0132e-20,3.4354e-20,2.77414e-20,2.82984e-20,2.94502e-20,2.95521e-20,3.92228e-20,3.88118e-20,3.09221e-20,3.11378e-20,3.14272e-20,3.11529e-20,3.16407e-20,3.09897e-20,3.84102e-20,3.74727e-20,3.77337e-20,3.71506e-20
3.36364e-23,4.24543e-23,6.10524e-23,7.63929e-23,1.00754e-22,1.40685e-22,1.72724e-22,2.30965e-22,3.00564e-22,4.06905e-22,4.70026e-22,5.26195e-22,7.34019e-22,5.07101e-22,6.85561e-22,8.75284e-22,9.43986e-22,7.04124e-22,6.68499e-22,8.72987e-22,9.4597e-22,5.92759e-22,5.00459e-22,6.12902e-22,6.37313e-22,5.21224e-22
3.91679e-21,5.21138e-21,4.82855e-21,7.26659e-21,6.53206e-21,8.61829e-21,1.07971e-20,7.98988e-21,7.52669e-21,8.13557e-21,1.0539e-20,7.30162e-21,9.93765e-21,8.13724e-21,1.07024e-20,8.68201e-21,8.93745e-21,9.47665e-21,1.16187e-20,9.2521e-21,1.19391e-20,1.1687e-20,9.1508e-21,8.87139e-21,1.10119e-20,6.30942e-21
5.70987e-22,7.90334e-22,1.2197e-21,1.88136e-21,2.89221e-21,4.14885e-21,6.26588e-21,8.31963e-21,8.87463e-21,1.29312e-20,1.74915e-20,1.54065e-20,1.39205e-20,1.68875e-20,2.10119e-20,2.44679e-20,2.40728e-20,2.13817e-20,1.92176e-20,1.97682e-20,1.69806e-20,2.31446e-20,1.65294e-20,2.27418e-20,1.83932e-20,1.52788e-20
1.41261e-20,1.39204e-20,1.71109e-20,2.06263e-20,1.91324e-20,1.21465e-20,2.4673e-20,8.19992e-21,1.07232e-20,1.03636e-20,7.40396e-21,7.08328e-21,6.69352e-21,8.45547e-21,6.04108e-21,5.78753e-21,5.52818e-21,5.29966e-21,5.0635e-21,6.60387e-21,4.66445e-21,4.46789e-21,4.22865e-21,5.4921e-21,3.90125e-21,5.06437e-21
4.6953e-22,7.05333e-22,7.14374e-22,8.55789e-22,6.87733e-22,6.21406e-22,5.59608e-22,7.36116e-22,1.0685e-21,8.84974e-22,1.00363e-21,6.50319e-22,8.69999e-22,9.22984e-22,8.90014e-22,7.96534e-22,7.27793e-22,5.99568e-22,6.18068e-22,5.77075e-22,5.46734e-22,5.14745e-22,4.41581e-22,4.16e-22,3.929e-22,3.65764e-22
1.18017e-20,1.87097e-20,1.20329e-20,1.51347e-20,1.16137e-20,1.79455e-20,1.62945e-20,1.06022e-20,1.04345e-20,1.27139e-20,6.5515e-21,6.25757e-21,7.24405e-21,5.61306e-21,6.50918e-21,6.16483e-21,3.76263e-21,5.34235e-21,5.27521e-21,6.50523e-21,4.64456e-21,4.29396e-21,4.04686e-21,2.96286e-21,2.87972e-21,2.67973e-21
4.78271e-21,4.71102e-21,5.32256e-21,7.8704e-21,7.48383e-21,9.80082e-21,7.48798e-21,7.98126e-21,8.28133e-21,1.13743e-20,1.01622e-20,1.03193e-20,1.15868e-20,1.1209e-20,1.03157e-20,1.21164e-20,1.11504e-20,1.02319e-20,1.27477e-20,1.65859e-20,1.01876e-20,7.58238e-21,7.50347e-21,5.32387e-21,5.8022e-21,6.72341e-21
8.28624e-21,5.40112e-21,5.2084e-21,5.11915e-21,4.98096e-21,4.82352e-21,4.70127e-21,4.61235e-21,4.50185e-21,4.39459e-21,6.45332e-21,4.21124e-21,4.10463e-21,4.01009e-21,3.90846e-21,3.80402e-21,5.57862e-21,3.59715e-21,3.50352e-21,3.40179e-21,3.30098e-21,3.21774e-21,3.12335e-21,3.03446e-21,2.95572e-21,2.8754e-21
6.89339e-21,7.0157e-21,6.82508e-21,5.7391e-21,3.99179e-21,5.60489e-21,3.74537e-21,4.42397e-21,4.53109e-21,3.14521e-21,3.51207e-21,3.18367e-21,2.34897e-21,2.35803e-21,2.10789e-21,1.83409e-21,1.70489e-21,1.42161e-21,1.27263e-21,1.09215e-21,1.00382e-21,8.66302e-22,8.05153e-22,7.16612e-22,6.18784e-22,6.37558e-22
1.16091e-21,1.56373e-21,9.53037e-22,1.27126e-21,1.09913e-21,1.17151e-21,8.92659e-22,1.23973e-21,9.36134e-22,9.58732e-22,9.822e-22,9.88887e-22,9.82657e-22,9.91526e-22,9.73184e-22,9.60444e-22,9.49824e-22,9.34408e-22,9.17636e-22,9.02138e-22,8.88305e-22,8.71526e-22,8.57481e-22,8.36623e-22,8.17111e-22,7.99609e-22
3.18076e-21,2.59374e-21,4.92656e-21,4.66937e-21,4.12132e-21,4.8421e-21,7.74383e-21,5.78139e-21,8.68439e-21,8.38524e-21,1.03922e-20,1.20659e-20,8.63547e-21,1.29376e-20,1.30511e-20,1.3355e-20,1.19123e-20,1.15458e-20,1.11892e-20,1.02127e-20,9.1242e-21,8.40475e-21,7.61499e-21,6.96632e-21,6.27023e-21,5.77189e-21
1.11706e-20,1.08568e-20,1.05034e-20,1.87637e-20,1.61925e-20,1.59836e-20,1.38543e-20,1.8298e-20,1.18673e-20,1.44252e-20,1.47453e-20,1.5312e-20,1.5851e-20,1.68352e-20,1.7643e-20,2.83554e-20,1.52001e-20,2.14829e-20,2.19064e-20,1.55293e-20,2.46523e-20,2.18535e-20,2.19435e-20,3.03622e-20,3.48133e-20,2.6679e-20
8.61136e-22,8.43595e-22,8.28789e-22,8.00352e-22,7.70824e-22,7.48381e-22,4.77044e-22,4.50161e-22,4.35152e-22,6.25593e-22,5.89884e-22,3.72452e-22,3.53077e-22,3.33702e-22,3.15717e-22,2.97981e-22,2.80812e-22,4.0015e-22,3.77157e-22,2.35349e-22,2.21126e-22,2.07645e-22,1.95115e-22,1.82767e-22,1.71336e-22,1.60449e-22
7.13534e-20,5.63161e-20,5.22462e-20,4.9994e-20,4.69296e-20,3.6469e-20,3.43341e-20,3.17287e-20,4.66898e-20,2.75544e-20,2.60953e-20,2.02557e-20,1.5174e-20,1.80432e-20,1.73094e-20,1.97263e-20,1.88436e-20,1.19971e-20,1.43358e-20,1.38498e-20,1.30416e-20,1.02778e-20,1.26522e-20,1.19293e-20,1.15151e-20,1.12147e-20
6.28271e-22,6.03066e-22,5.79709e-22,5.55365e-22,5.29465e-22,5.05219e-22,4.8029e-22,4.53634e-22,4.28942e-22,4.04872e-22,3.81763e-22,3.60686e-22,3.3581e-22,3.17179e-22,2.96385e-22,2.77182e-22,2.56558e-22,2.40948e-22,2.21401e-22,2.05874e-22,1.92365e-22,1.76445e-22,1.62535e-22,1.47627e-22,1.35139e-22,1.25075e-22
6.51775e-22,8.16398e-22,9.75611e-22,1.01063e-21,1.33845e-21,1.45354e-21,1.66819e-21,1.95583e-21,2.4847e-21,3.09943e-21,3.39896e-21,4.32858e-21,5.17178e-21,6.34823e-21,7.852e-21,9.67167e-21,1.15953e-20,1.48088e-20,1.01088e-20,1.25367e-20,1.22333e-20,2.53105e-20,2.42611e-20,2.0707e-20,1.68543e-20,2.17641e-20
1.82286e-20,1.14395e-20,8.15285e-21,1.55421e-20,1.13193e-20,1.33184e-20,6.58915e-21,6.42024e-21,7.01689e-21,8.32664e-21,5.45018e-21,3.67159e-21,5.56703e-21,2.46642e-21,3.55151e-21,2.76536e-21,1.95347e-21,1.28737e-21,1.19652e-21,1.08248e-21,1.33423e-21,1.56077e-21,8.31539e-22,7.78345e-22,9.60675e-22,6.5379e-22
1.06523e-20,8.44142e-21,1.31408e-20,1.48836e-20,1.00364e-20,9.56194e-21,8.88606e-21,8.23251e-21,9.31929e-21,4.22248e-21,5.2806e-21,4.75369e-21,4.3818e-21,2.98823e-21,2.76873e-21,2.52629e-21,2.34068e-21,2.20713e-21,2.0665e-21,1.89808e-21,1.74447e-21,2.21053e-21,2.56469e-21,1.40933e-21,1.32807e-21,1.21497e-21
1.29334e-21,1.45606e-21,1.71196e-21,1.98781e-21,1.71995e-21,1.97478e-21,2.22104e-21,2.40273e-21,3.38631e-21,2.12542e-21,3.15048e-21,4.29387e-21,2.73211e-21,2.87101e-21,3.11852e-21,3.20886e-21,3.31751e-21,3.37755e-21,3.49326e-21,3.59972e-21,3.62206e-21,3.6726e-21,3.73093e-21,3.70781e-21,3.70088e-21,3.67611e-21
3.91476e-21,4.40106e-21,5.65494e-21,6.05266e-21,5.04181e-21,3.79303e-21,6.11043e-21,4.38463e-21,4.24234e-21,3.65222e-21,6.83626e-21,4.05683e-21,5.87148e-21,6.63084e-21,5.34169e-21,4.44971e-21,4.38894e-21,3.79841e-21,4.4058e-21,4.41303e-21,4.01181e-21,3.87732e-21,3.61627e-21,3.32746e-21,3.19536e-21,3.07795e-21
2.89699e-21,3.95616e-21,3.96813e-21,4.51263e-21,6.92081e-21,4.27585e-21,6.02263e-21,8.84826e-21,8.45384e-21,1.20794e-20,9.62922e-21,9.12468e-21,1.00292e-20,1.12127e-20,1.72938e-20,1.81567e-20,2.47782e-20,2.36353e-20,2.83589e-20,3.20745e-20,2.69196e-20,3.14119e-20,2.18208e-20,2.23792e-20,3.03891e-20,2.35933e-20
6.28271e-22,6.03066e-22,5.79709e-22,5.55365e-22,5.29465e-22,5.05219e-22,4.8029e-22,4.53634e-22,4.28942e-22,4.04872e-22,3.81763e-22,3.60686e-22,3.3581e-22,3.17179e-22,2.96385e-22,2.77182e-22,2.56558e-22,2.40948e-22,2.21401e-22,2.05874e-22,1.92365e-22,1.76445e-22,1.62535e-22,1.47627e-22,1.35139e-22,1.25075e-22
6.78724e-22,7.15711e-22,7.15165e-22,6.2772e-22,7.30845e-22,6.63371e-22,5.63931e-22,8.21908e-22,6.17526e-22,6.94499e-22,6.67102e-22,5.60043e-22,5.50991e-22,6.20155e-22,5.52209e-22,5.94093e-22,5.43324e-22,4.44096e-22,4.33316e-22,3.22951e-22,4.19276e-22,3.75166e-22,3.89242e-22,3.34967e-22,3.77144e-22,3.71339e-22
4.08201e-20,4.07937e-20,2.73099e-20,2.42802e-20,2.59318e-20,3.02717e-20,2.22724e-20,2.71979e-20,2.22153e-20,2.28183e-20,3.14992e-20,3.59813e-20,3.31887e-20,1.97937e-20,3.09306e-20,1.73929e-20,1.93198e-20,2.41737e-20,1.62291e-20,1.45862e-20,1.56661e-20,9.89029e-21,1.03576e-20,1.16329e-20,9.58615e-21,7.16117e-21
4.85343e-21,2.67686e-21,3.8625e-21,3.71759e-21,3.52309e-21,6.95275e-21,3.49789e-21,3.8736e-21,5.16678e-21,3.29998e-21,4.65898e-21,5.00911e-21,5.04267e-21,3.87189e-21,3.90732e-21,3.91719e-21,3.85863e-21,3.80436e-21,3.76912e-21,3.67429e-21,2.38066e-21,2.28562e-21,2.23606e-21,3.26246e-21,2.08333e-21,2.01455e-21
5.47704e-21,5.19968e-21,6.45291e-21,4.55615e-21,5.76356e-21,6.91732e-21,3.87703e-21,4.78904e-21,3.38932e-21,3.18101e-21,3.02554e-21,3.82831e-21,4.4761e-21,3.36798e-21,2.39695e-21,3.02943e-21,2.20176e-21,2.07183e-21,2.60275e-21,2.48493e-21,1.74323e-21,1.65268e-21,2.08541e-21,2.46549e-21,1.86719e-21,1.8074e-21
2.11787e-21,3.11876e-21,2.47334e-21,4.58433e-21,4.78696e-21,3.80789e-21,4.02918e-21,4.28437e-21,3.94562e-21,4.19573e-21,3.92454e-21,3.35141e-21,3.34716e-21,3.34329e-21,3.23852e-21,2.3376e-21,3.07594e-21,2.87223e-21,1.99656e-21,1.23167e-21,1.17979e-21,1.10527e-21,7.67978e-22,7.1511e-22,8.99571e-22,8.38444e-22
2.83468e-21,2.90763e-21,2.91093e-21,2.86678e-21,2.72563e-21,2.58378e-21,2.37943e-21,2.249e-21,2.31354e-21,2.11429e-21,2.1579e-21,2.07866e-21,2.02204e-21,2.41673e-21,2.17519e-21,2.45611e-21,2.53098e-21,2.8264e-21,3.09323e-21,3.74204e-21,4.03161e-21,4.61529e-21,4.96698e-21,5.38599e-21,5.9946e-21,6.48499e-21
3.36364e-23,4.24543e-23,6.10524e-23,7.63929e-23,1.00754e-22,1.40685e-22,1.72724e-22,2.30965e-22,3.00564e-22,4.06905e-22,4.70026e-22,5.26195e-22,7.34019e-22,5.07101e-22,6.85561e-22,8.75284e-22,9.43986e-22,7.04124e-22,6.68499e-22,8.72987e-22,9.4597e-22,5.92759e-22,5.00459e-22,6.12902e-22,6.37313e-22,5.21224e-22
4.63584e-21,4.84605e-21,6.78123e-21,6.32336e-21,8.4739e-21,6.14146e-21,1.03006e-20,6.97234e-21,9.01977e-21,1.11586e-20,7.32136e-21,7.47621e-21,7.73302e-21,6.38191e-21,6.98727e-21,6.42441e-21,4.77943e-21,4.66652e-21,6.47724e-21,4.67217e-21,6.08949e-21,5.99602e-21,4.32181e-21,4.26691e-21,4.1564e-21,4.09408e-21
2.59319e-22,2.63843e-22,3.60575e-22,2.94874e-22,3.32782e-22,4.48895e-22,4.30123e-22,8.55205e-22,5.39269e-22,4.78451e-22,5.40884e-22,1.00781e-21,6.33605e-22,8.20214e-22,9.20539e-22,9.39673e-22,1.17708e-21,8.42569e-22,1.48239e-21,9.84856e-22,1.22055e-21,8.24305e-22,1.29224e-21,1.10461e-21,1.11169e-21,1.11287e-21
3.36364e-23,4.24543e-23,6.10524e-23,7.63929e-23,1.00754e-22,1.40685e-22,1.72724e-22,2.30965e-22,3.00564e-22,4.06905e-22,4.70026e-22,5.26195e-22,7.34019e-22,5.07101e-22,6.85561e-22,8.75284e-22,9.43986e-22,7.04124e-22,6.68499e-22,8.72987e-22,9.4597e-22,5.92759e-22,5.00459e-22,6.12902e-22,6.37313e-22,5.21224e-22
2.71648e-20,2.71767e-20,2.67697e-20,2.61693e-20,2.66772e-20,2.30429e-20,2.15616e-20,2.00592e-20,1.84593e-20,1.76005e-20,1.52707e-20,1.38532e-20,1.21467e-20,1.14536e-20,9.82046e-21,9.22995e-21,8.41401e-21,7.91236e-21,7.44055e-21,7.02132e-21,7.01751e-21,7.11529e-21,6.73549e-21,5.42423e-21,5.02645e-21,6.69943e-21
8.68539e-21,9.25082e-21,7.62362e-21,9.24181e-21,6.55842e-21,5.23996e-21,5.42969e-21,5.24272e-21,5.30665e-21,7.0004e-21,5.32618e-21,7.93042e-21,5.24733e-21,6.52323e-21,3.71738e-21,4.86541e-21,4.90325e-21,3.59148e-21,5.92058e-21,6.92405e-21,4.56336e-21,6.88631e-21,5.66702e-21,5.64401e-21,5.78254e-21,5.72792e-21
4.23522e-21,5.82583e-21,6.42494e-21,6.33269e-21,9.05547e-21,8.83619e-21,6.52769e-21,1.21287e-20,1.43113e-20,1.2588e-20,1.21741e-20,1.26111e-20,9.84569e-21,9.94465e-21,8.07325e-21,7.91075e-21,1.26076e-20,7.24149e-21,9.82309e-21,5.08962e-21,4.76156e-21,4.29425e-21,6.05231e-21,4.38537e-21,3.17102e-21,2.96616e-21
4.63584e-21,4.84605e-21,6.78123e-21,6.32336e-21,8.4739e-21,6.14146e-21,1.03006e-20,6.97234e-21,9.01977e-21,1.11586e-20,7.32136e-21,7.47621e-21,7.73302e-21,6.38191e-21,6.98727e-21,6.42441e-21,4.77943e-21,4.66652e-21,6.47724e-21,4.67217e-21,6.08949e-21,5.99602e-21,4.32181e-21,4.26691e-21,4.1564e-21,4.09408e-21
2.33911e-22,2.14627e-22,3.12612e-22,2.69128e-22,4.20119e-22,4.82771e-22,3.34105e-22,4.44442e-22,4.93332e-22,5.3748e-22,4.6272e-22,5.95324e-22,5.07154e-22,4.17455e-22,5.33718e-22,5.55173e-22,4.49123e-22,4.67078e-22,5.45182e-22,3.24701e-22,4.30124e-22,4.2455e-22,3.07206e-22,2.98993e-22,2.87941e-22,2.79711e-22
3.00021e-22,3.68081e-22,3.79091e-22,2.10527e-22,2.09788e-22,2.27576e-22,2.18836e-22,1.61313e-22,1.58559e-22,1.56947e-22,2.08161e-22,1.54036e-22,1.98308e-22,1.95257e-22,1.89155e-22,1.38577e-22,1.35255e-22,1.30846e-22,1.68777e-22,1.63361e-22,1.19181e-22,1.13155e-22,1.47666e-22,1.06188e-22,1.02015e-22,9.79528e-23
5.63374e-21,7.11806e-21,4.99923e-21,5.89307e-21,6.78014e-21,5.73789e-21,7.36238e-21,1.3013e-20,7.55061e-21,1.11949e-20,1.01213e-20,7.95542e-21,9.73049e-21,8.2878e-21,1.20409e-20,6.84209e-21,8.91113e-21,1.27911e-20,1.10547e-20,1.49199e-20,1.06068e-20,1.46624e-20,8.30452e-21,1.46366e-20,9.03126e-21,7.2229e-21
6.28271e-22,6.03066e-22,5.79709e-22,5.55365e-22,5.29465e-22,5.05219e-22,4.8029e-22,4.53634e-22,4.28942e-22,4.04872e-22,3.81763e-22,3.60686e-22,3.3581e-22,3.17179e-22,2.96385e-22,2.77182e-22,2.56558e-22,2.40948e-22,2.21401e-22,2.05874e-22,1.92365e-22,1.76445e-22,1.62535e-22,1.47627e-22,1.35139e-22,1.25075e-22
4.6464e-20,3.76281e-20,2.80795e-20,2.90161e-20,2.59046e-20,2.41044e-20,2.37868e-20,2.66585e-20,2.60393e-20,2.08522e-20,1.62592e-20,2.48362e-20,2.06786e-20,1.25974e-20,1.91959e-20,1.07788e-20,1.16477e-20,9.06478e-21,1.39355e-20,1.12136e-20,8.71925e-21,8.27851e-21,1.11612e-20,7.97464e-21,1.01979e-20,1.07561e-20
2.37029e-22,2.48025e-22,3.19338e-22,2.98865e-22,3.83746e-22,7.14809e-22,4.83265e-22,8.27012e-22,4.17502e-22,5.62634e-22,7.34569e-22,6.83021e-22,4.90005e-22,6.83299e-22,7.35112e-22,7.82609e-22,8.19353e-22,6.93067e-22,9.09944e-22,9.44634e-22,7.94532e-22,8.1318e-22,8.52195e-22,8.73781e-22,1.12213e-21,9.22229e-22
4.78271e-21,4.71102e-21,5.32256e-21,7.8704e-21,7.48383e-21,9.80082e-21,7.48798e-21,7.98126e-21,8.28133e-21,1.13743e-20,1.01622e-20,1.03193e-20,1.15868e-20,1.1209e-20,1.03157e-20,1.21164e-20,1.11504e-20,1.02319e-20,1.27477e-20,1.65859e-20,1.01876e-20,7.58238e-21,7.50347e-21,5.32387e-21,5.8022e-21,6.72341e-21
8.21698e-22,1.29211e-21,1.2431e-21,1.25774e-21,1.26766e-21,1.47346e-21,1.09175e-21,1.51284e-21,1.99089e-21,1.49398e-21,2.97534e-21,1.09411e-21,1.08885e-21,1.10411e-21,1.224e-21,6.32607e-22,1.262e-21,7.37113e-22,5.61266e-22,5.38736e-22,4.91483e-22,4.77508e-22,4.46278e-22,6.26134e-22,3.90773e-22,3.83762e-22
7.61173e-21,7.12622e-21,6.89455e-21,6.70695e-21,4.12589e-21,3.94657e-21,5.65613e-21,3.57389e-21,5.1567e-21,3.24566e-21,4.68682e-21,2.96151e-21,4.24561e-21,2.68866e-21,2.55814e-21,2.43343e-21,2.3185e-21,3.32433e-21,3.17478e-21,1.99853e-21,2.87955e-21,2.73585e-21,2.60023e-21,2.45269e-21,2.3367e-21,2.23376e-21
5.34966e-22,5.92729e-22,8.78284e-22,9.73153e-22,1.03039e-21,1.47993e-21,1.23549e-21,1.6193e-21,1.27501e-21,1.31385e-21,1.01337e-21,1.03531e-21,1.43769e-21,1.0598e-21,1.08285e-21,1.83148e-21,1.42382e-21,1.4232e-21,1.38778e-21,2.41374e-21,1.25581e-21,1.58696e-21,1.43861e-21,1.97243e-21,1.29901e-21,9.66859e-22
6.28271e-22,6.03066e-22,5.79709e-22,5.55365e-22,5.29465e-22,5.05219e-22,4.8029e-22,4.53634e-22,4.28942e-22,4.04872e-22,3.81763e-22,3.60686e-22,3.3581e-22,3.17179e-22,2.96385e-22,2.77182e-22,2.56558e-22,2.40948e-22,2.21401e-22,2.05874e-22,1.92365e-22,1.76445e-22,1.62535e-22,1.47627e-22,1.35139e-22,1.25075e-22
9.10422e-22,1.0003e-21,1.18747e-21,1.74023e-21,2.20656e-21,2.65794e-21,3.52122e-21,4.69403e-21,6.01861e-21,7.56724e-21,9.37233e-21,8.05248e-21,9.8415e-21,8.92117e-21,8.40917e-21,1.19247e-20,9.25829e-21,1.63492e-20,9.13331e-21,1.24831e-20,9.76489e-21,1.28355e-20,7.15547e-21,1.15747e-20,7.00396e-21,6.77375e-21
1.67004e-21,2.21372e-21,2.96252e-21,3.48679e-21,4.26911e-21,7.11154e-21,6.08767e-21,7.27145e-21,7.34389e-21,8.78175e-21,6.42749e-21,8.85435e-21,8.6585e-21,6.72832e-21,5.66222e-21,9.08251e-21,6.07214e-21,6.13022e-21,6.43459e-21,4.85165e-21,4.68412e-21,6.29476e-21,5.9839e-21,4.43834e-21,4.23815e-21,4.01393e-21
3.77719e-21,3.96136e-21,5.8146e-21,5.23732e-21,4.68783e-21,4.92378e-21,5.12094e-21,4.59163e-21,3.69839e-21,4.63545e-21,3.70568e-21,4.70767e-21,3.73005e-21,3.81169e-21,2.79879e-21,3.70824e-21,2.81206e-21,2.69959e-21,2.64341e-21,4.69113e-21,2.57423e-21,3.34609e-21,2.44613e-21,2.34555e-21,3.05689e-21,3.02101e-21
3.18076e-21,2.59374e-21,4.92656e-21,4.66937e-21,4.12132e-21,4.8421e-21,7.74383e-21,5.78139e-21,8.68439e-21,8.38524e-21,1.03922e-20,1.20659e-20,8.63547e-21,1.29376e-20,1.30511e-20,1.3355e-20,1.19123e-20,1.15458e-20,1.11892e-20,1.02127e-20,9.1242e-21,8.40475e-21,7.61499e-21,6.96632e-21,6.27023e-21,5.77189e-21
5.84329e-21,6.87707e-21,5.37066e-21,1.17004e-20,1.08041e-20,8.7191e-21,1.05201e-20,1.57746e-20,2.0948e-20,1.19305e-20,2.16368e-20,1.50719e-20,1.58439e-20,2.527e-20,1.79484e-20,2.42296e-20,2.43832e-20,1.89016e-20,2.20629e-20,2.52979e-20,2.54372e-20,1.86717e-20,1.8686e-20,2.44799e-20,2.08776e-20,1.48391e-20
9.35344e-21,1.01143e-20,8.91169e-21,1.0658e-20,9.79893e-21,1.11166e-20,1.27263e-20,1.21143e-20,1.17865e-20,1.15692e-20,1.15926e-20,1.05875e-20,1.03281e-20,1.04621e-20,9.53145e-21,9.55611e-21,8.79745e-21,8.69016e-21,8.21314e-21,8.36873e-21,7.91924e-21,7.1984e-21,7.01727e-21,7.43989e-21,7.02584e-21,6.42083e-21
5.77964e-22,7.89382e-22,1.04705e-21,1.47192e-21,1.9433e-21,2.21017e-21,3.51538e-21,3.98472e-21,5.12059e-21,3.73734e-21,8.00916e-21,6.71864e-21,4.49126e-21,7.83188e-21,9.99175e-21,9.25733e-21,8.81433e-21,7.39094e-21,7.7002e-21,8.28577e-21,5.64694e-21,8.94748e-21,7.71987e-21,6.02059e-21,4.60002e-21,4.56347e-21
9.69008e-21,9.85298e-21,1.0598e-20,1.34506e-20,1.09792e-20,1.75546e-20,1.50277e-20,1.89007e-20,1.29625e-20,1.33989e-20,1.3719e-20,1.43226e-20,1.44893e-20,1.88977e-20,1.53747e-20,1.91091e-20,1.5539e-20,1.99307e-20,1.16451e-20,1.97083e-20,1.54035e-20,1.54231e-20,1.49442e-20,1.10628e-20,1.44384e-20,1.75902e-20
5.70987e-22,7.90334e-22,1.2197e-21,1.88136e-21,2.89221e-21,4.14885e-21,6.26588e-21,8.31963e-21,8.87463e-21,1.29312e-20,1.74915e-20,1.54065e-20,1.39205e-20,1.68875e-20,2.10119e-20,2.44679e-20,2.40728e-20,2.13817e-20,1.92176e-20,1.97682e-20,1.69806e-20,2.31446e-20,1.65294e-20,2.27418e-20,1.83932e-20,1.52788e-20
4.78271e-21,4.71102e-21,5.32256e-21,7.8704e-21,7.48383e-21,9.80082e-21,7.48798e-21,7.98126e-21,8.28133e-21,1.13743e-20,1.01622e-20,1.03193e-20,1.15868e-20,1.1209e-20,1.03157e-20,1.21164e-20,1.11504e-20,1.02319e-20,1.27477e-20,1.65859e-20,1.01876e-20,7.58238e-21,7.50347e-21,5.32387e-21,5.8022e-21,6.72341e-21
5.56912e-23,8.08688e-23,1.41252e-22,7.27164e-23,8.35289e-23,8.81531e-23,9.1616e-23,1.12158e-22,1.19784e-22,1.46147e-22,1.56935e-22,1.68077e-22,2.00014e-22,2.06883e-22,2.25826e-22,2.58944e-22,2.75621e-22,2.94808e-22,3.13844e-22,3.28744e-22,3.45616e-22,3.54526e-22,3.69915e-22,3.88394e-22,4.12437e-22,4.1732e-22
3.18284e-21,3.26857e-21,4.26101e-21,3.52175e-21,5.4332e-21,3.74724e-21,5.78283e-21,6.09644e-21,5.12124e-21,6.54862e-21,5.62222e-21,7.00352e-21,7.47274e-21,4.97144e-21,9.00337e-21,8.45219e-21,7.20127e-21,7.26129e-21,7.56942e-21,7.27743e-21,5.76665e-21,5.70247e-21,6.98e-21,6.52834e-21,8.33971e-21,7.61122e-21
6.55288e-21,8.54428e-21,4.66832e-21,4.77096e-21,5.98463e-21,6.18653e-21,4.14837e-21,7.71594e-21,6.81334e-21,5.92327e-21,4.8806e-21,6.42722e-21,6.86527e-21,1.06136e-20,5.91808e-21,4.58951e-21,6.62771e-21,7.07163e-21,7.29289e-21,5.69694e-21,7.93091e-21,8.48517e-21,6.30059e-21,8.53559e-21,6.51548e-21,8.94982e-21
8.23407e-22,7.58531e-22,8.38511e-22,9.32137e-22,1.19611e-21,1.06662e-21,1.14599e-21,9.45849e-22,1.00077e-21,1.60958e-21,1.398e-21,1.83806e-21,1.74988e-21,1.45413e-21,2.09411e-21,2.07822e-21,1.7981e-21,1.45498e-21,2.00362e-21,2.61178e-21,1.34526e-21,2.11773e-21,2.37434e-21,1.51345e-21,1.92263e-21,1.55467e-21
1.0435e-21,9.18293e-22,1.0423e-21,7.96916e-22,1.0284e-21,9.18893e-22,1.15449e-21,9.74794e-22,7.63583e-22,5.60321e-22,7.51571e-22,5.58621e-22,5.38007e-22,6.96862e-22,5.08312e-22,4.90365e-22,4.74855e-22,4.55552e-22,4.27346e-22,4.28823e-22,3.889e-22,3.72649e-22,3.50808e-22,3.33617e-22,3.18549e-22,2.00754e-22
4.63584e-21,4.84605e-21,6.78123e-21,6.32336e-21,8.4739e-21,6.14146e-21,1.03006e-20,6.97234e-21,9.01977e-21,1.11586e-20,7.32136e-21,7.47621e-21,7.73302e-21,6.38191e-21,6.98727e-21,6.42441e-21,4.77943e-21,4.66652e-21,6.47724e-21,4.67217e-21,6.08949e-21,5.99602e-21,4.32181e-21,4.26691e-21,4.1564e-21,4.09408e-21
2.92525e-24,5.91949e-24,4.61168e-24,3.6378e-24,4.6049e-24,6.76804e-24,7.41559e-24,3.187e-24,3.16197e-24,4.0189e-24,3.8577e-24,4.30424e-24,2.92535e-24,5.28323e-24,3.59776e-24,3.19689e-24,4.62924e-24,3.33033e-24,3.47998e-24,3.0663e-24,4.69161e-24,2.71322e-24,2.3919e-24,4.79156e-24,2.51393e-24,2.7643e-24
6.28271e-22,6.03066e-22,5.79709e-22,5.55365e-22,5.29465e-22,5.05219e-22,4.8029e-22,4.53634e-22,4.28942e-22,4.04872e-22,3.81763e-22,3.60686e-22,3.3581e-22,3.17179e-22,2.96385e-22,2.77182e-22,2.56558e-22,2.40948e-22,2.21401e-22,2.05874e-22,1.92365e-22,1.76445e-22,1.62535e-22,1.47627e-22,1.35139e-22,1.25075e-22
6.89339e-21,7.0157e-21,6.82508e-21,5.7391e-21,3.99179e-21,5.60489e-21,3.74537e-21,4.42397e-21,4.53109e-21,3.14521e-21,3.51207e-21,3.18367e-21,2.34897e-21,2.35803e-21,2.10789e-21,1.83409e-21,1.70489e-21,1.42161e-21,1.27263e-21,1.09215e-21,1.00382e-21,8.66302e-22,8.05153e-22,7.16612e-22,6.18784e-22,6.37558e-22
8.9039e-22,9.94483e-22,1.35805e-21,1.35541e-21,1.35011e-21,1.30626e-21,2.2086e-21,1.34609e-21,1.86036e-21,2.25691e-21,3.41127e-21,2.03465e-21,1.84544e-21,1.64281e-21,2.00832e-21,2.80573e-21,2.17245e-21,3.01236e-21,2.84708e-21,2.96512e-21,2.91555e-21,2.59723e-21,2.27388e-21,2.30998e-21,3.53149e-21,2.37373e-21
2.96719e-22,2.6074e-22,2.7263e-22,4.1465e-22,4.73217e-22,4.41496e-22,4.5304e-22,4.53939e-22,7.56423e-22,5.9983e-22,7.1101e-22,9.74095e-22,9.42141e-22,1.02945e-21,9.04504e-22,1.48835e-21,1.06914e-21,1.16579e-21,9.19601e-22,9.89339e-22,1.05778e-21,1.48255e-21,1.1779e-21,1.22506e-21,1.27486e-21,1.75284e-21
2.20182e-21,2.45863e-21,3.44926e-21,2.98993e-21,2.31098e-21,3.3677e-21,2.62396e-21,3.80108e-21,2.89913e-21,3.06083e-21,3.11262e-21,4.34756e-21,4.39644e-21,5.99255e-21,3.39176e-21,3.29372e-21,4.51792e-21,6.84692e-21,5.53385e-21,4.21793e-21,5.52831e-21,5.17704e-21,3.85687e-21,6.67317e-21,5.50758e-21,5.196e-21
1.61613e-25,1.48638e-25,1.73638e-25,1.67983e-25,1.245e-25,2.82109e-25,2.10534e-25,3.05243e-25,2.39388e-25,2.34768e-25,4.75112e-25,2.13945e-25,3.71607e-25,3.11646e-25,3.04487e-25,2.86374e-25,2.74686e-25,3.98553e-25,1.80148e-25,3.51688e-25,3.36079e-25,3.04262e-25,2.46484e-25,6.06377e-26,1.68912e-25,1.6217e-25
8.28624e-21,5.40112e-21,5.2084e-21,5.11915e-21,4.98096e-21,4.82352e-21,4.70127e-21,4.61235e-21,4.50185e-21,4.39459e-21,6.45332e-21,4.21124e-21,4.10463e-21,4.01009e-21,3.90846e-21,3.80402e-21,5.57862e-21,3.59715e-21,3.50352e-21,3.40179e-21,3.30098e-21,3.21774e-21,3.12335e-21,3.03446e-21,2.95572e-21,2.8754e-21
7.24167e-21,7.70657e-21,7.89799e-21,6.15447e-21,9.68489e-21,6.38339e-21,8.03376e-21,6.23444e-21,4.61841e-21,6.03929e-21,4.39513e-21,4.31337e-21,4.21051e-21,4.01818e-21,3.97787e-21,3.81653e-21,3.71116e-21,3.65149e-21,3.52563e-21,3.37893e-21,3.26951e-21,4.21024e-21,3.04059e-21,2.9439e-21,2.84718e-21,2.75517e-21
6.1013e-22,6.98551e-22,8.21806e-22,1.05411e-21,1.23557e-21,8.1991e-22,1.51304e-21,8.37251e-22,1.2194e-21,1.65029e-21,1.52094e-21,1.41551e-21,1.16925e-21,1.21707e-21,1.24164e-21,9.67518e-22,1.32955e-21,1.03389e-21,1.02461e-21,1.05474e-21,1.0693e-21,1.07053e-21,1.07112e-21,1.08998e-21,1.10858e-21,1.08333e-21
5.00982e-22,4.33036e-22,4.99132e-22,6.32287e-22,5.11127e-22,6.44237e-22,5.82056e-22,3.92376e-22,2.99427e-22,3.07467e-22,3.25448e-22,3.23944e-22,4.2505e-22,4.37665e-22,3.08347e-22,3.08077e-22,3.13307e-22,3.09822e-22,3.06436e-22,3.02497e-22,3.01802e-22,3.03535e-22,3.01002e-22,2.9879e-22,2.9802e-22,3.04454e-22
4.63584e-21,4.84605e-21,6.78123e-21,6.32336e-21,8.4739e-21,6.14146e-21,1.03006e-20,6.97234e-21,9.01977e-21,1.11586e-20,7.32136e-21,7.47621e-21,7.73302e-21,6.38191e-21,6.98727e-21,6.42441e-21,4.77943e-21,4.66652e-21,6.47724e-21,4.67217e-21,6.08949e-21,5.99602e-21,4.32181e-21,4.26691e-21,4.1564e-21,4.09408e-21
2.57234e-21,2.16799e-21,2.53068e-21,2.80172e-21,2.79205e-21,2.43069e-21,3.09593e-21,3.29107e-21,3.37481e-21,2.63376e-21,3.33421e-21,3.33009e-21,3.06463e-21,3.22992e-21,3.14021e-21,3.0643e-21,3.06625e-21,3.05736e-21,2.85095e-21,2.37318e-21,2.60426e-21,2.1019e-21,2.6212e-21,2.52319e-21,2.43226e-21,1.76016e-21
5.63374e-21,7.11806e-21,4.99923e-21,5.89307e-21,6.78014e-21,5.73789e-21,7.36238e-21,1.3013e-20,7.55061e-21,1.11949e-20,1.01213e-20,7.95542e-21,9.73049e-21,8.2878e-21,1.20409e-20,6.84209e-21,8.91113e-21,1.27911e-20,1.10547e-20,1.49199e-20,1.06068e-20,1.46624e-20,8.30452e-21,1.46366e-20,9.03126e-21,7.2229e-21
1.90068e-21,1.48746e-21,1.74961e-21,1.20344e-21,1.55149e-21,1.28911e-21,1.09206e-21,1.51583e-21,1.15742e-21,1.41921e-21,1.36361e-21,1.31225e-21,1.16527e-21,1.18901e-21,1.13788e-21,1.10059e-21,1.08537e-21,9.00767e-22,1.01286e-21,9.30928e-22,9.04696e-22,8.75124e-22,8.3059e-22,8.82866e-22,7.34866e-22,7.1654e-22
4.78271e-21,4.71102e-21,5.32256e-21,7.8704e-21,7.48383e-21,9.80082e-21,7.48798e-21,7.98126e-21,8.28133e-21,1.13743e-20,1.01622e-20,1.03193e-20,1.15868e-20,1.1209e-20,1.03157e-20,1.21164e-20,1.11504e-20,1.02319e-20,1.27477e-20,1.65859e-20,1.01876e-20,7.58238e-21,7.50347e-21,5.32387e-21,5.8022e-21,6.72341e-21
2.28394e-21,2.28235e-21,1.75567e-21,1.63008e-21,1.4387e-21,1.24658e-21,1.16478e-21,9.84676e-22,8.90207e-22,7.91142e-22,7.53617e-22,6.51298e-22,5.80806e-22,5.5683e-22,4.93371e-22,4.36776e-22,4.49287e-22,3.8985e-22,3.44634e-22,3.17183e-22,2.94374e-22,2.74451e-22,2.4151e-22,2.39448e-22,2.05619e-22,1.93193e-22
2.37029e-22,2.48025e-22,3.19338e-22,2.98865e-22,3.83746e-22,7.14809e-22,4.83265e-22,8.27012e-22,4.17502e-22,5.62634e-22,7.34569e-22,6.83021e-22,4.90005e-22,6.83299e-22,7.35112e-22,7.82609e-22,8.19353e-22,6.93067e-22,9.09944e-22,9.44634e-22,7.94532e-22,8.1318e-22,8.52195e-22,8.73781e-22,1.12213e-21,9.22229e-22
2.37029e-22,2.48025e-22,3.19338e-22,2.98865e-22,3.83746e-22,7.14809e-22,4.83265e-22,8.27012e-22,4.17502e-22,5.62634e-22,7.34569e-22,6.83021e-22,4.90005e-22,6.83299e-22,7.35112e-22,7.82609e-22,8.19353e-22,6.93067e-22,9.09944e-22,9.44634e-22,7.94532e-22,8.1318e-22,8.52195e-22,8.73781e-22,1.12213e-21,9.22229e-22
1.78439e-21,1.28357e-21,1.41295e-21,2.16657e-21,1.157e-21,1.79695e-21,2.01753e-21,1.94897e-21,2.12488e-21,2.40258e-21,3.72305e-21,3.13088e-21,4.14624e-21,3.38719e-21,6.32703e-21,4.46902e-21,4.01806e-21,6.89794e-21,6.31369e-21,9.94095e-21,7.81715e-21,1.00706e-20,9.05932e-21,1.18132e-20,1.20004e-20,1.25292e-20
1.35756e-22,1.24933e-22,1.15018e-22,1.05838e-22,9.70772e-23,8.88484e-23,8.19474e-23,1.02031e-22,9.35848e-23,6.30919e-23,7.88937e-23,7.32008e-23,6.63313e-23,6.08954e-23,5.60579e-23,5.17922e-23,4.76337e-23,4.39673e-23,4.03018e-23,3.78597e-23,3.49963e-23,3.25838e-23,2.97671e-23,3.58529e-23,3.32938e-23,3.05903e-23
6.89339e-21,7.0157e-21,6.82508e-21,5.7391e-21,3.99179e-21,5.60489e-21,3.74537e-21,4.42397e-21,4.53109e-21,3.14521e-21,3.51207e-21,3.18367e-21,2.34897e-21,2.35803e-21,2.10789e-21,1.83409e-21,1.70489e-21,1.42161e-21,1.27263e-21,1.09215e-21,1.00382e-21,8.66302e-22,8.05153e-22,7.16612e-22,6.18784e-22,6.37558e-22
4.63584e-21,4.84605e-21,6.78123e-21,6.32336e-21,8.4739e-21,6.14146e-21,1.03006e-20,6.97234e-21,9.01977e-21,1.11586e-20,7.32136e-21,7.47621e-21,7.73302e-21,6.38191e-21,6.98727e-21,6.42441e-21,4.77943e-21,4.66652e-21,6.47724e-21,4.67217e-21,6.08949e-21,5.99602e-21,4.32181e-21,4.26691e-21,4.1564e-21,4.09408e-21
3.02963e-21,3.11817e-21,3.22068e-21,4.40756e-21,3.43702e-21,3.40802e-21,3.39275e-21,3.41402e-21,3.50789e-21,3.55462e-21,3.45565e-21,3.4645e-21,3.40322e-21,3.34901e-21,3.35281e-21,3.28809e-21,4.41925e-21,3.20452e-21,3.14574e-21,3.08649e-21,3.02218e-21,2.9805e-21,2.91353e-21,2.85766e-21,2.8049e-21,2.75375e-21
6.51775e-22,8.16398e-22,9.75611e-22,1.01063e-21,1.33845e-21,1.45354e-21,1.66819e-21,1.95583e-21,2.4847e-21,3.09943e-21,3.39896e-21,4.32858e-21,5.17178e-21,6.34823e-21,7.852e-21,9.67167e-21,1.15953e-20,1.48088e-20,1.01088e-20,1.25367e-20,1.22333e-20,2.53105e-20,2.42611e-20,2.0707e-20,1.68543e-20,2.17641e-20
2.71648e-20,2.71767e-20,2.67697e-20,2.61693e-20,2.66772e-20,2.30429e-20,2.15616e-20,2.00592e-20,1.84593e-20,1.76005e-20,1.52707e-20,1.38532e-20,1.21467e-20,1.14536e-20,9.82046e-21,9.22995e-21,8.41401e-21,7.91236e-21,7.44055e-21,7.02132e-21,7.01751e-21,7.11529e-21,6.73549e-21,5.42423e-21,5.02645e-21,6.69943e-21
2.11439e-21,2.4229e-21,2.25241e-21,2.66839e-21,1.79447e-21,2.26516e-21,1.65212e-21,2.49058e-21,1.88629e-21,2.45301e-21,4.59034e-21,4.45443e-21,3.06435e-21,3.90489e-21,3.73362e-21,6.34929e-21,4.36676e-21,6.07967e-21,5.93975e-21,7.16691e-21,8.76057e-21,1.03278e-20,1.23792e-20,8.11993e-21,8.1011e-21,8.31967e-21
3.18284e-21,3.26857e-21,4.26101e-21,3.52175e-21,5.4332e-21,3.74724e-21,5.78283e-21,6.09644e-21,5.12124e-21,6.54862e-21,5.62222e-21,7.00352e-21,7.47274e-21,4.97144e-21,9.00337e-21,8.45219e-21,7.20127e-21,7.26129e-21,7.56942e-21,7.27743e-21,5.76665e-21,5.70247e-21,6.98e-21,6.52834e-21,8.33971e-21,7.61122e-21
6.28271e-22,6.03066e-22,5.79709e-22,5.55365e-22,5.29465e-22,5.05219e-22,4.8029e-22,4.53634e-22,4.28942e-22,4.04872e-22,3.81763e-22,3.60686e-22,3.3581e-22,3.17179e-22,2.96385e-22,2.77182e-22,2.56558e-22,2.40948e-22,2.21401e-22,2.05874e-22,1.92365e-22,1.76445e-22,1.62535e-22,1.47627e-22,1.35139e-22,1.25075e-22
2.02454e-21,2.28243e-21,2.57004e-21,2.89485e-21,5.4912e-21,3.52763e-21,3.88905e-21,5.24171e-21,4.42829e-21,3.58191e-21,5.0496e-21,5.40993e-21,5.68525e-21,7.61089e-21,8.09685e-21,6.80268e-21,1.27676e-20,7.67953e-21,7.8404e-21,6.17457e-21,8.46738e-21,8.75028e-21,8.94564e-21,6.97243e-21,7.17897e-21,7.28236e-21
3.32225e-22,3.52247e-22,3.76704e-22,3.94493e-22,4.06856e-22,4.21921e-22,4.41451e-22,4.52304e-22,4.64548e-22,4.7701e-22,4.87969e-22,4.97084e-22,5.06337e-22,5.14466e-22,5.23928e-22,5.29466e-22,5.33826e-22,5.38045e-22,5.42069e-22,5.43497e-22,5.48679e-22,5.47963e-22,5.47629e-22,5.48807e-22,5.49651e-22,5.45542e-22
7.06211e-21,8.54469e-21,5.16896e-21,7.34466e-21,4.791e-21,4.29479e-21,6.62845e-21,3.67074e-21,3.39786e-21,2.62721e-21,2.94932e-21,2.33416e-21,1.70096e-21,2.02825e-21,1.54498e-21,1.45621e-21,1.41027e-21,1.00347e-21,1.30617e-21,1.57258e-21,1.19956e-21,1.16492e-21,1.1277e-21,1.36645e-21,1.04632e-21,7.49935e-22
1.18301e-21,1.64383e-21,1.10632e-21,1.646e-21,1.35347e-21,1.47296e-21,1.56835e-21,1.65275e-21,1.74e-21,1.83563e-21,1.86988e-21,1.91573e-21,1.95787e-21,1.97227e-21,1.98303e-21,1.98963e-21,1.95157e-21,1.92463e-21,1.88369e-21,1.84011e-21,1.7961e-21,1.74761e-21,1.67752e-21,1.61727e-21,2.562e-21,1.48601e-21
3.36364e-23,4.24543e-23,6.10524e-23,7.63929e-23,1.00754e-22,1.40685e-22,1.72724e-22,2.30965e-22,3.00564e-22,4.06905e-22,4.70026e-22,5.26195e-22,7.34019e-22,5.07101e-22,6.85561e-22,8.75284e-22,9.43986e-22,7.04124e-22,6.68499e-22,8.72987e-22,9.4597e-22,5.92759e-22,5.00459e-22,6.12902e-22,6.37313e-22,5.21224e-22
6.60788e-21,5.46805e-21,5.60358e-21,5.88712e-21,5.98969e-21,6.11539e-21,6.28917e-21,6.46434e-21,4.94202e-21,5.08736e-21,5.248e-21,5.38167e-21,7.5902e-21,5.89479e-21,6.23274e-21,8.57947e-21,8.83146e-21,1.13833e-20,9.29877e-21,9.45079e-21,9.80566e-21,1.00506e-20,1.28649e-20,1.28741e-20,1.27825e-20,1.30954e-20
4.76191e-22,1.17287e-21,7.91631e-22,7.28376e-22,8.10817e-22,9.1682e-22,8.07719e-22,8.51215e-22,9.2548e-22,1.29751e-21,1.04244e-21,1.11422e-21,1.18619e-21,1.20177e-21,1.31299e-21,9.90009e-22,1.02321e-21,1.02663e-21,1.42187e-21,1.44485e-21,1.09111e-21,1.11723e-21,1.12813e-21,1.12011e-21,1.12389e-21,1.11647e-21
3.99483e-22,5.25059e-22,6.67424e-22,7.55647e-22,5.54453e-22,4.81647e-22,5.80835e-22,6.98092e-22,1.0485e-21,6.57909e-22,8.61147e-22,9.16278e-22,1.00475e-21,9.04065e-22,6.3582e-22,8.66241e-22,7.48838e-22,1.46288e-21,8.6467e-22,9.23475e-22,1.02788e-21,1.07167e-21,1.2177e-21,1.24542e-21,1.38717e-21,1.42526e-21
1.73993e-21,1.69596e-21,2.28164e-21,1.6011e-21,1.52404e-21,1.94853e-21,1.87098e-21,1.7521e-21,2.12691e-21,1.9139e-21,2.56284e-21,1.96783e-21,2.30384e-21,1.55463e-21,1.7784e-21,2.61208e-21,1.00172e-21,1.49246e-21,9.3623e-22,8.06027e-22,9.98345e-22,9.09925e-22,6.34813e-22,8.59188e-22,6.38786e-22,5.19235e-22
1.27072e-21,2.45926e-21,2.26649e-21,1.96024e-21,3.16874e-21,1.94429e-21,2.28324e-21,2.40022e-21,2.77307e-21,2.04195e-21,2.42194e-21,3.49981e-21,3.48272e-21,4.05578e-21,3.87357e-21,3.84827e-21,3.36376e-21,2.94835e-21,2.36979e-21,2.4004e-21,3.03172e-21,3.34755e-21,2.62676e-21,2.1778e-21,2.18756e-21,2.13879e-21
2.00103e-22,2.50762e-22,3.30387e-22,4.26399e-22,6.04128e-22,7.91677e-22,1.00502e-21,1.3399e-21,1.62202e-21,1.44707e-21,2.33802e-21,1.94792e-21,1.90488e-21,1.7345e-21,1.50181e-21,1.37187e-21,2.2671e-21,1.58104e-21,1.36506e-21,1.30725e-21,1.36388e-21,8.55727e-22,6.66763e-22,4.80031e-22,5.48985e-22,4.7661e-22
5.47704e-21,5.19968e-21,6.45291e-21,4.55615e-21,5.76356e-21,6.91732e-21,3.87703e-21,4.78904e-21,3.38932e-21,3.18101e-21,3.02554e-21,3.82831e-21,4.4761e-21,3.36798e-21,2.39695e-21,3.02943e-21,2.20176e-21,2.07183e-21,2.60275e-21,2.48493e-21,1.74323e-21,1.65268e-21,2.08541e-21,2.46549e-21,1.86719e-21,1.8074e-21
6.89339e-21,7.0157e-21,6.82508e-21,5.7391e-21,3.99179e-21,5.60489e-21,3.74537e-21,4.42397e-21,4.53109e-21,3.14521e-21,3.51207e-21,3.18367e-21,2.34897e-21,2.35803e-21,2.10789e-21,1.83409e-21,1.70489e-21,1.42161e-21,1.27263e-21,1.09215e-21,1.00382e-21,8.66302e-22,8.05153e-22,7.16612e-22,6.18784e-22,6.37558e-22
6.74535e-22,6.42423e-22,6.1112e-22,5.80735e-22,5.4948e-22,5.21966e-22,4.95488e-22,4.69093e-22,4.4445e-22,4.21816e-22,3.99297e-22,3.78474e-22,3.572e-22,3.38354e-22,3.20174e-22,3.03089e-22,2.86522e-22,2.70244e-22,2.56707e-22,2.42236e-22,2.2893e-22,2.15984e-22,2.04824e-22,1.93524e-22,1.83966e-22,2.32362e-22
2.71648e-20,2.71767e-20,2.67697e-20,2.61693e-20,2.66772e-20,2.30429e-20,2.15616e-20,2.00592e-20,1.84593e-20,1.76005e-20,1.52707e-20,1.38532e-20,1.21467e-20,1.14536e-20,9.82046e-21,9.22995e-21,8.41401e-21,7.91236e-21,7.44055e-21,7.02132e-21,7.01751e-21,7.11529e-21,6.73549e-21,5.42423e-21,5.02645e-21,6.69943e-21
7.66901e-21,5.91735e-21,6.34864e-21,8.1742e-21,5.39599e-21,5.66625e-21,4.13102e-21,3.97389e-21,3.8479e-21,3.86815e-21,3.58082e-21,3.42268e-21,4.47321e-21,3.06624e-21,2.90106e-21,2.74592e-21,2.59199e-21,2.44903e-21,2.32731e-21,2.2337e-21,2.12687e-21,2.01916e-21,1.91852e-21,1.89136e-21,1.75321e-21,1.6819e-21
6.32587e-21,7.80881e-21,7.01298e-21,7.06829e-21,8.20587e-21,8.8027e-21,1.15987e-20,7.80142e-21,8.78798e-21,7.47308e-21,7.51785e-21,7.6056e-21,7.50188e-21,1.02477e-20,9.83719e-21,1.33275e-20,9.66078e-21,6.07256e-21,6.2861e-21,7.09057e-21,6.70081e-21,7.72016e-21,5.69847e-21,5.76749e-21,6.36175e-21,4.16735e-21
4.99524e-21,6.0702e-21,4.3274e-21,5.99149e-21,8.96899e-21,6.48103e-21,6.02973e-21,6.67438e-21,7.61738e-21,8.52031e-21,9.50594e-21,1.31992e-20,1.20727e-20,1.5616e-20,1.71332e-20,1.54221e-20,2.81218e-20,2.60697e-20,2.3486e-20,2.44908e-20,2.0111e-20,3.75348e-20,3.2494e-20,3.49149e-20,4.59229e-20,4.49138e-20
4.6953e-22,7.05333e-22,7.14374e-22,8.55789e-22,6.87733e-22,6.21406e-22,5.59608e-22,7.36116e-22,1.0685e-21,8.84974e-22,1.00363e-21,6.50319e-22,8.69999e-22,9.22984e-22,8.90014e-22,7.96534e-22,7.27793e-22,5.99568e-22,6.18068e-22,5.77075e-22,5.46734e-22,5.14745e-22,4.41581e-22,4.16e-22,3.929e-22,3.65764e-22
4.66358e-22,5.55329e-22,6.81723e-22,9.60883e-22,1.0258e-21,1.28308e-21,1.18861e-21,1.51718e-21,2.55396e-21,3.0286e-21,3.6368e-21,4.93472e-21,5.56549e-21,5.63629e-21,4.34575e-21,6.64628e-21,6.63746e-21,6.79061e-21,6.73369e-21,9.16592e-21,1.02608e-20,7.21144e-21,6.32557e-21,8.86349e-21,7.61648e-21,1.05808e-20
2.59282e-22,3.44709e-22,3.6594e-22,4.75933e-22,4.01123e-22,6.9788e-22,7.06481e-22,8.26822e-22,8.33393e-22,7.05902e-22,5.32378e-22,7.73313e-22,9.58398e-22,8.27478e-22,1.13252e-21,5.84267e-22,9.13434e-22,9.60092e-22,1.49008e-21,7.63213e-22,8.17603e-22,1.508e-21,1.28261e-21,1.33323e-21,1.59269e-21,1.7162e-21
4.6953e-22,7.05333e-22,7.14374e-22,8.55789e-22,6.87733e-22,6.21406e-22,5.59608e-22,7.36116e-22,1.0685e-21,8.84974e-22,1.00363e-21,6.50319e-22,8.69999e-22,9.22984e-22,8.90014e-22,7.96534e-22,7.27793e-22,5.99568e-22,6.18068e-22,5.77075e-22,5.46734e-22,5.14745e-22,4.41581e-22,4.16e-22,3.929e-22,3.65764e-22
1.19164e-21,1.70289e-21,1.26249e-21,1.29075e-21,1.30098e-21,1.77142e-21,1.33377e-21,1.79694e-21,1.36846e-21,1.81525e-21,1.35445e-21,1.35901e-21,1.36412e-21,1.38735e-21,1.82116e-21,1.34885e-21,1.34345e-21,1.34425e-21,1.30931e-21,1.29329e-21,1.28253e-21,1.7019e-21,2.09311e-21,1.64066e-21,1.62215e-21,1.16969e-21
2.71648e-20,2.71767e-20,2.67697e-20,2.61693e-20,2.66772e-20,2.30429e-20,2.15616e-20,2.00592e-20,1.84593e-20,1.76005e-20,1.52707e-20,1.38532e-20,1.21467e-20,1.14536e-20,9.82046e-21,9.22995e-21,8.41401e-21,7.91236e-21,7.44055e-21,7.02132e-21,7.01751e-21,7.11529e-21,6.73549e-21,5.42423e-21,5.02645e-21,6.69943e-21
4.76191e-22,1.17287e-21,7.91631e-22,7.28376e-22,8.10817e-22,9.1682e-22,8.07719e-22,8.51215e-22,9.2548e-22,1.29751e-21,1.04244e-21,1.11422e-21,1.18619e-21,1.20177e-21,1.31299e-21,9.90009e-22,1.02321e-21,1.02663e-21,1.42187e-21,1.44485e-21,1.09111e-21,1.11723e-21,1.12813e-21,1.12011e-21,1.12389e-21,1.11647e-21
1.68457e-21,2.25096e-21,1.98566e-21,2.23538e-21,2.11698e-21,2.35808e-21,2.38977e-21,2.52045e-21,2.62866e-21,3.36117e-21,3.02165e-21,3.14216e-21,3.38661e-21,3.69443e-21,3.94221e-21,4.2865e-21,4.95045e-21,4.93985e-21,5.33087e-21,5.64657e-21,6.04868e-21,6.50516e-21,7.01444e-21,7.60278e-21,8.17671e-21,8.43738e-21
1.69372e-20,1.02728e-20,9.75478e-21,1.19582e-20,1.71454e-20,9.95634e-21,1.54812e-20,1.15834e-20,1.57341e-20,8.52088e-21,1.04185e-20,9.08094e-21,7.79493e-21,1.05618e-20,7.12759e-21,8.74821e-21,6.88024e-21,5.64484e-21,6.27964e-21,4.50247e-21,5.8809e-21,6.63463e-21,4.1904e-21,5.33902e-21,4.48913e-21,5.65909e-21
5.34966e-22,5.92729e-22,8.78284e-22,9.73153e-22,1.03039e-21,1.47993e-21,1.23549e-21,1.6193e-21,1.27501e-21,1.31385e-21,1.01337e-21,1.03531e-21,1.43769e-21,1.0598e-21,1.08285e-21,1.83148e-21,1.42382e-21,1.4232e-21,1.38778e-21,2.41374e-21,1.25581e-21,1.58696e-21,1.43861e-21,1.97243e-21,1.29901e-21,9.66859e-22
5.84329e-21,6.87707e-21,5.37066e-21,1.17004e-20,1.08041e-20,8.7191e-21,1.05201e-20,1.57746e-20,2.0948e-20,1.19305e-20,2.16368e-20,1.50719e-20,1.58439e-20,2.527e-20,1.79484e-20,2.42296e-20,2.43832e-20,1.89016e-20,2.20629e-20,2.52979e-20,2.54372e-20,1.86717e-20,1.8686e-20,2.44799e-20,2.08776e-20,1.48391e-20
6.28271e-22,6.03066e-22,5.79709e-22,5.55365e-22,5.29465e-22,5.05219e-22,4.8029e-22,4.53634e-22,4.28942e-22,4.04872e-22,3.81763e-22,3.60686e-22,3.3581e-22,3.17179e-22,2.96385e-22,2.77182e-22,2.56558e-22,2.40948e-22,2.21401e-22,2.05874e-22,1.92365e-22,1.76445e-22,1.62535e-22,1.47627e-22,1.35139e-22,1.25075e-22
5.70987e-22,7.90334e-22,1.2197e-21,1.88136e-21,2.89221e-21,4.14885e-21,6.26588e-21,8.31963e-21,8.87463e-21,1.29312e-20,1.74915e-20,1.54065e-20,1.39205e-20,1.68875e-20,2.10119e-20,2.44679e-20,2.40728e-20,2.13817e-20,1.92176e-20,1.97682e-20,1.69806e-20,2.31446e-20,1.65294e-20,2.27418e-20,1.83932e-20,1.52788e-20
5.63374e-21,7.11806e-21,4.99923e-21,5.89307e-21,6.78014e-21,5.73789e-21,7.36238e-21,1.3013e-20,7.55061e-21,1.11949e-20,1.01213e-20,7.95542e-21,9.73049e-21,8.2878e-21,1.20409e-20,6.84209e-21,8.91113e-21,1.27911e-20,1.10547e-20,1.49199e-20,1.06068e-20,1.46624e-20,8.30452e-21,1.46366e-20,9.03126e-21,7.2229e-21
3.18284e-21,3.26857e-21,4.26101e-21,3.52175e-21,5.4332e-21,3.74724e-21,5.78283e-21,6.09644e-21,5.12124e-21,6.54862e-21,5.62222e-21,7.00352e-21,7.47274e-21,4.97144e-21,9.00337e-21,8.45219e-21,7.20127e-21,7.26129e-21,7.56942e-21,7.27743e-21,5.76665e-21,5.70247e-21,6.98e-21,6.52834e-21,8.33971e-21,7.61122e-21
6.03382e-23,8.37426e-23,1.19077e-22,1.52593e-22,1.7212e-22,2.75269e-22,2.59464e-22,2.21821e-22,3.81924e-22,4.12922e-22,4.43642e-22,5.22633e-22,4.71186e-22,4.21907e-22,6.92287e-22,5.04249e-22,4.68683e-22,4.95739e-22,4.46746e-22,4.70197e-22,4.61217e-22,5.8411e-22,3.91254e-22,3.84368e-22,5.84154e-22,2.91201e-22
8.28624e-21,5.40112e-21,5.2084e-21,5.11915e-21,4.98096e-21,4.82352e-21,4.70127e-21,4.61235e-21,4.50185e-21,4.39459e-21,6.45332e-21,4.21124e-21,4.10463e-21,4.01009e-21,3.90846e-21,3.80402e-21,5.57862e-21,3.59715e-21,3.50352e-21,3.40179e-21,3.30098e-21,3.21774e-21,3.12335e-21,3.03446e-21,2.95572e-21,2.8754e-21
3.64805e-23,4.55897e-23,5.46774e-23,3.84978e-23,3.96049e-23,5.65778e-23,3.97385e-23,4.88982e-23,4.7579e-23,4.75967e-23,5.49257e-23,3.91035e-23,4.52696e-23,4.42831e-23,3.57403e-23,3.47701e-23,4.13735e-23,3.34163e-23,3.24011e-23,3.84716e-23,3.11469e-23,4.09709e-23,3.3923e-23,2.75896e-23,3.24059e-23,2.99422e-23
3.77719e-21,3.96136e-21,5.8146e-21,5.23732e-21,4.68783e-21,4.92378e-21,5.12094e-21,4.59163e-21,3.69839e-21,4.63545e-21,3.70568e-21,4.70767e-21,3.73005e-21,3.81169e-21,2.79879e-21,3.70824e-21,2.81206e-21,2.69959e-21,2.64341e-21,4.69113e-21,2.57423e-21,3.34609e-21,2.44613e-21,2.34555e-21,3.05689e-21,3.02101e-21
4.63584e-21,4.84605e-21,6.78123e-21,6.32336e-21,8.4739e-21,6.14146e-21,1.03006e-20,6.97234e-21,9.01977e-21,1.11586e-20,7.32136e-21,7.47621e-21,7.73302e-21,6.38191e-21,6.98727e-21,6.42441e-21,4.77943e-21,4.66652e-21,6.47724e-21,4.67217e-21,6.08949e-21,5.99602e-21,4.32181e-21,4.26691e-21,4.1564e-21,4.09408e-21
2.96719e-22,2.6074e-22,2.7263e-22,4.1465e-22,4.73217e-22,4.41496e-22,4.5304e-22,4.53939e-22,7.56423e-22,5.9983e-22,7.1101e-22,9.74095e-22,9.42141e-22,1.02945e-21,9.04504e-22,1.48835e-21,1.06914e-21,1.16579e-21,9.19601e-22,9.89339e-22,1.05778e-21,1.48255e-21,1.1779e-21,1.22506e-21,1.27486e-21,1.75284e-21
2.18593e-20,3.1224e-20,2.28356e-20,2.86709e-20,1.98028e-20,3.51759e-20,2.07184e-20,2.54219e-20,1.96173e-20,2.18579e-20,2.70656e-20,2.44401e-20,2.06141e-20,1.79174e-20,2.5459e-20,2.28893e-20,1.47716e-20,1.45531e-20,1.63628e-20,1.62266e-20,1.61272e-20,1.0693e-20,1.04384e-20,1.02429e-20,1.39458e-20,1.37197e-20
2.12221e-21,2.16425e-21,2.2103e-21,2.27956e-21,2.36787e-21,2.47413e-21,2.56779e-21,2.68483e-21,2.80598e-21,2.93e-21,3.04732e-21,3.2005e-21,3.27305e-21,3.35575e-21,3.45074e-21,3.50481e-21,3.58896e-21,3.60055e-21,3.63734e-21,3.65056e-21,3.65512e-21,3.60182e-21,3.5912e-21,3.53627e-21,3.45674e-21,3.40888e-21
4.63584e-21,4.84605e-21,6.78123e-21,6.32336e-21,8.4739e-21,6.14146e-21,1.03006e-20,6.97234e-21,9.01977e-21,1.11586e-20,7.32136e-21,7.47621e-21,7.73302e-21,6.38191e-21,6.98727e-21,6.42441e-21,4.77943e-21,4.66652e-21,6.47724e-21,4.67217e-21,6.08949e-21,5.99602e-21,4.32181e-21,4.26691e-21,4.1564e-21,4.09408e-21
7.61173e-21,7.12622e-21,6.89455e-21,6.70695e-21,4.12589e-21,3.94657e-21,5.65613e-21,3.57389e-21,5.1567e-21,3.24566e-21,4.68682e-21,2.96151e-21,4.24561e-21,2.68866e-21,2.55814e-21,2.43343e-21,2.3185e-21,3.32433e-21,3.17478e-21,1.99853e-21,2.87955e-21,2.73585e-21,2.60023e-21,2.45269e-21,2.3367e-21,2.23376e-21
6.51775e-22,8.16398e-22,9.75611e-22,1.01063e-21,1.33845e-21,1.45354e-21,1.66819e-21,1.95583e-21,2.4847e-21,3.09943e-21,3.39896e-21,4.32858e-21,5.17178e-21,6.34823e-21,7.852e-21,9.67167e-21,1.15953e-20,1.48088e-20,1.01088e-20,1.25367e-20,1.22333e-20,2.53105e-20,2.42611e-20,2.0707e-20,1.68543e-20,2.17641e-20
4.78271e-21,4.71102e-21,5.32256e-21,7.8704e-21,7.48383e-21,9.80082e-21,7.48798e-21,7.98126e-21,8.28133e-21,1.13743e-20,1.01622e-20,1.03193e-20,1.15868e-20,1.1209e-20,1.03157e-20,1.21164e-20,1.11504e-20,1.02319e-20,1.27477e-20,1.65859e-20,1.01876e-20,7.58238e-21,7.50347e-21,5.32387e-21,5.8022e-21,6.72341e-21
1.05625e-20,1.93443e-20,1.04955e-20,7.99925e-21,1.43177e-20,1.05216e-20,1.03103e-20,1.37351e-20,1.11663e-20,7.65889e-21,8.53665e-21,8.60605e-21,1.04298e-20,1.12764e-20,1.38752e-20,8.69838e-21,6.54831e-21,8.42787e-21,6.15624e-21,8.03017e-21,5.95268e-21,5.74654e-21,8.97593e-21,6.13352e-21,4.44307e-21,6.07805e-21
6.75882e-21,5.47658e-21,5.57022e-21,5.67762e-21,5.79774e-21,8.99183e-21,1.12873e-20,1.29541e-20,6.47846e-21,6.44534e-21,6.6297e-21,6.46229e-21,8.14042e-21,8.16354e-21,6.61146e-21,6.55254e-21,6.48763e-21,6.69732e-21,6.54883e-21,6.51388e-21,6.6881e-21,4.74044e-21,6.31698e-21,9.69862e-21,6.20589e-21,6.18091e-21
4.6953e-22,7.05333e-22,7.14374e-22,8.55789e-22,6.87733e-22,6.21406e-22,5.59608e-22,7.36116e-22,1.0685e-21,8.84974e-22,1.00363e-21,6.50319e-22,8.69999e-22,9.22984e-22,8.90014e-22,7.96534e-22,7.27793e-22,5.99568e-22,6.18068e-22,5.77075e-22,5.46734e-22,5.14745e-22,4.41581e-22,4.16e-22,3.929e-22,3.65764e-22
4.63584e-21,4.84605e-21,6.78123e-21,6.32336e-21,8.4739e-21,6.14146e-21,1.03006e-20,6.97234e-21,9.01977e-21,1.11586e-20,7.32136e-21,7.47621e-21,7.73302e-21,6.38191e-21,6.98727e-21,6.42441e-21,4.77943e-21,4.66652e-21,6.47724e-21,4.67217e-21,6.08949e-21,5.99602e-21,4.32181e-21,4.26691e-21,4.1564e-21,4.09408e-21
1.09154e-21,1.02671e-21,1.2528e-21,6.07957e-22,1.11329e-21,7.60883e-22,5.85102e-22,1.14111e-21,8.05932e-22,8.74762e-22,6.83892e-22,1.44231e-21,1.00474e-21,1.05509e-21,1.74199e-21,1.86909e-21,1.90598e-21,2.25027e-21,1.92362e-21,2.32579e-21,2.79111e-21,2.584e-21,1.91849e-21,3.58157e-21,2.38601e-21,2.47903e-21
3.91679e-21,5.21138e-21,4.82855e-21,7.26659e-21,6.53206e-21,8.61829e-21,1.07971e-20,7.98988e-21,7.52669e-21,8.13557e-21,1.0539e-20,7.30162e-21,9.93765e-21,8.13724e-21,1.07024e-20,8.68201e-21,8.93745e-21,9.47665e-21,1.16187e-20,9.2521e-21,1.19391e-20,1.1687e-20,9.1508e-21,8.87139e-21,1.10119e-20,6.30942e-21
5.84329e-21,6.87707e-21,5.37066e-21,1.17004e-20,1.08041e-20,8.7191e-21,1.05201e-20,1.57746e-20,2.0948e-20,1.19305e-20,2.16368e-20,1.50719e-20,1.58439e-20,2.527e-20,1.79484e-20,2.42296e-20,2.43832e-20,1.89016e-20,2.20629e-20,2.52979e-20,2.54372e-20,1.86717e-20,1.8686e-20,2.44799e-20,2.08776e-20,1.48391e-20
1.14001e-23,1.34021e-23,1.25541e-23,1.81225e-23,1.36068e-23,1.753e-23,1.72659e-23,2.37051e-23,2.61536e-23,3.89297e-23,2.79987e-23,4.34667e-23,3.83078e-23,3.6277e-23,3.4658e-23,3.80311e-23,6.03493e-23,5.42223e-23,5.7732e-23,4.9855e-23,5.14187e-23,7.5409e-23,5.3939e-23,6.28581e-23,7.09033e-23,8.58411e-23
6.31946e-23,6.67686e-23,6.40418e-23,1.03243e-22,1.3131e-22,1.51749e-22,1.70058e-22,2.46875e-22,2.48438e-22,2.42302e-22,3.28369e-22,3.13037e-22,3.75049e-22,3.90787e-22,3.70016e-22,4.5065e-22,4.42842e-22,3.01414e-22,4.17474e-22,2.66682e-22,3.49975e-22,4.3716e-22,2.26475e-22,2.65762e-22,2.72475e-22,1.32647e-22
2.80396e-22,2.70298e-22,2.56183e-22,2.4336e-22,2.31178e-22,2.20597e-22,2.09702e-22,2.01598e-22,1.90824e-22,1.81403e-22,1.72588e-22,1.64601e-22,1.55877e-22,1.48125e-22,1.41026e-22,1.34143e-22,1.2823e-22,1.20217e-22,1.14209e-22,1.08362e-22,1.03303e-22,9.80612e-23,9.28489e-23,8.83545e-23,8.37753e-23,7.92694e-23
1.8747e-22,2.14627e-22,2.92169e-22,3.63551e-22,4.79138e-22,6.25022e-22,8.23232e-22,5.95253e-22,6.84441e-22,1.03139e-21,4.46837e-22,8.5613e-22,1.4064e-21,5.80147e-22,8.96521e-22,5.4028e-22,5.65959e-22,6.0408e-22,6.40377e-22,6.45604e-22,4.98805e-22,5.08399e-22,5.21782e-22,5.33546e-22,5.23955e-22,5.27749e-22
1.57301e-22,1.99994e-22,2.34072e-22,2.9616e-22,3.66079e-22,4.61428e-22,5.72362e-22,7.26117e-22,8.9644e-22,1.01513e-21,1.33621e-21,8.80433e-22,7.84003e-22,7.59194e-22,1.06349e-21,1.03858e-21,6.40935e-22,7.99699e-22,1.13564e-21,7.19937e-22,7.20469e-22,7.08809e-22,7.26431e-22,8.70503e-22,7.00108e-22,5.45656e-22
